section,table,scale,subscale,condition,median,iqr,mean,sd,n,ci_low_med,ci_high_med,chi2,df,p,kendalls_W,k,row_cond,col_cond,p_adj,alpha,winner,loser
Descriptive,sus_total,SUS,Total,SR,52.5,18.125,50.9375,13.609709210067962,24.0,45.0,60.0,,,,,,,,,,,
Descriptive,sus_total,SUS,Total,P+SR,83.75,17.5,80.52083333333333,14.57699137463667,24.0,75.0,88.75,,,,,,,,,,,
Descriptive,sus_total,SUS,Total,Pointing,76.25,18.75,78.33333333333333,13.626753310935861,24.0,70.0,87.5,,,,,,,,,,,
Descriptive,sus_total,SUS,Total,Label,42.5,25.625,47.916666666666664,16.805580508625226,24.0,39.968750000000014,60.0,,,,,,,,,,,
Descriptive,tpa_total,TPA,Total,SR,4.083333333333334,1.8125,4.298611111111112,1.1818158944495505,24.0,3.6666666666666665,5.166666666666667,,,,,,,,,,,
Descriptive,tpa_total,TPA,Total,P+SR,6.041666666666666,0.8541666666666661,6.0243055555555545,0.696557774699532,24.0,5.75,6.25,,,,,,,,,,,
Descriptive,tpa_total,TPA,Total,Pointing,6.125,1.145833333333333,6.125,0.7554152327780023,24.0,5.666666666666667,6.666666666666667,,,,,,,,,,,
Descriptive,tpa_total,TPA,Total,Label,4.791666666666666,1.291666666666667,4.916666666666667,1.11261974875247,24.0,4.333333333333333,5.5,,,,,,,,,,,
Descriptive,tam_peou,TAM,PEOU,SR,4.25,1.5416666666666665,4.125,1.084865137770478,24.0,3.6666666666666665,4.666666666666667,,,,,,,,,,,
Descriptive,tam_peou,TAM,PEOU,P+SR,6.083333333333334,0.666666666666667,6.013888888888889,0.8624152505679837,24.0,5.833333333333333,6.333333333333334,,,,,,,,,,,
Descriptive,tam_peou,TAM,PEOU,Pointing,5.916666666666666,1.208333333333334,5.861111111111112,0.756081090318278,24.0,5.333333333333333,6.333333333333333,,,,,,,,,,,
Descriptive,tam_peou,TAM,PEOU,Label,3.916666666666667,1.958333333333333,3.840277777777778,1.2340569427065309,24.0,2.8333333333333335,4.666666666666667,,,,,,,,,,,
Descriptive,tam_pu,TAM,PU,SR,4.583333333333334,1.4583333333333335,4.305555555555556,1.1822629029359821,24.0,3.8333333333333335,5.0,,,,,,,,,,,
Descriptive,tam_pu,TAM,PU,P+SR,6.0,1.5,5.8680555555555545,0.9246740732317114,24.0,5.333333333333334,6.333333333333333,,,,,,,,,,,
Descriptive,tam_pu,TAM,PU,Pointing,5.0,1.541666666666667,5.166666666666667,1.2276996280897026,24.0,4.666666666666667,6.0,,,,,,,,,,,
Descriptive,tam_pu,TAM,PU,Label,4.333333333333333,3.083333333333333,4.215277777777778,1.5112134538375381,24.0,3.0,5.333333333333333,,,,,,,,,,,
Descriptive,tam_total,TAM,Total,SR,4.291666666666666,1.208333333333333,4.215277777777778,1.0358654887527867,24.0,3.6666666666666665,4.75,,,,,,,,,,,
Descriptive,tam_total,TAM,Total,P+SR,6.0,0.958333333333333,5.940972222222221,0.8403613664656336,24.0,5.666666666666667,6.333333333333333,,,,,,,,,,,
Descriptive,tam_total,TAM,Total,Pointing,5.5,0.8958333333333339,5.513888888888888,0.8557374798736747,24.0,5.166666666666666,5.916666666666667,,,,,,,,,,,
Descriptive,tam_total,TAM,Total,Label,3.833333333333333,2.1875,4.027777777777778,1.3027902670311808,24.0,3.1666666666666665,4.916666666666667,,,,,,,,,,,
Descriptive,nasa_overall,NASA-TLX,Overall,SR,11.25,4.083333333333334,11.131944444444443,2.806987126988456,24.0,10.166666666666666,12.666666666666666,,,,,,,,,,,
Descriptive,nasa_overall,NASA-TLX,Overall,P+SR,4.5,4.25,5.395833333333333,2.9983137370362836,24.0,3.0,6.833333333333333,,,,,,,,,,,
Descriptive,nasa_overall,NASA-TLX,Overall,Pointing,5.583333333333334,4.624999999999998,6.340277777777779,2.7028698143814407,24.0,4.666666666666667,8.666666666666666,,,,,,,,,,,
Descriptive,nasa_overall,NASA-TLX,Overall,Label,10.75,5.291666666666667,10.284722222222223,3.6950414504374494,24.0,8.412500000000001,12.166666666666666,,,,,,,,,,,
Descriptive,nasa_mental,NASA-TLX,Mental,SR,14.0,6.25,12.916666666666666,4.633682605957557,24.0,11.0,16.0,,,,,,,,,,,
Descriptive,nasa_mental,NASA-TLX,Mental,P+SR,4.0,3.25,4.583333333333333,3.3351444355225612,24.0,3.0,5.0,,,,,,,,,,,
Descriptive,nasa_mental,NASA-TLX,Mental,Pointing,5.5,7.25,6.583333333333333,4.1589784141391455,24.0,3.0,8.0,,,,,,,,,,,
Descriptive,nasa_mental,NASA-TLX,Mental,Label,14.5,5.0,12.666666666666666,4.584156711285424,24.0,11.0,15.0,,,,,,,,,,,
Descriptive,nasa_physical,NASA-TLX,Physical,SR,13.5,7.25,12.125,4.998369299298914,24.0,9.5,15.5,,,,,,,,,,,
Descriptive,nasa_physical,NASA-TLX,Physical,P+SR,5.0,9.0,7.25,5.366968215490656,24.0,3.0,10.0,,,,,,,,,,,
Descriptive,nasa_physical,NASA-TLX,Physical,Pointing,7.5,9.0,8.666666666666666,4.984032474828482,24.0,5.0,12.0,,,,,,,,,,,
Descriptive,nasa_physical,NASA-TLX,Physical,Label,7.0,9.25,8.708333333333334,5.551961397769156,24.0,5.0,11.5,,,,,,,,,,,
Descriptive,nasa_temporal,NASA-TLX,Temporal,SR,5.0,4.25,5.625,3.281204709832364,24.0,4.0,7.0,,,,,,,,,,,
Descriptive,nasa_temporal,NASA-TLX,Temporal,P+SR,3.0,5.0,3.75,3.1519490174645357,24.0,1.0,5.0,,,,,,,,,,,
Descriptive,nasa_temporal,NASA-TLX,Temporal,Pointing,4.0,5.0,4.875,3.3662325735353513,24.0,2.9875000000000043,7.0,,,,,,,,,,,
Descriptive,nasa_temporal,NASA-TLX,Temporal,Label,6.0,4.5,6.75,4.829708785891934,24.0,4.5,7.0,,,,,,,,,,,
Descriptive,nasa_performance,NASA-TLX,Performance,SR,10.0,4.25,11.25,4.035171458024079,24.0,9.0,13.0,,,,,,,,,,,
Descriptive,nasa_performance,NASA-TLX,Performance,P+SR,3.5,3.5,4.666666666666667,3.4724589291297243,24.0,3.0,5.5,,,,,,,,,,,
Descriptive,nasa_performance,NASA-TLX,Performance,Pointing,3.0,4.25,4.041666666666667,2.941149829376358,24.0,2.0,4.0,,,,,,,,,,,
Descriptive,nasa_performance,NASA-TLX,Performance,Label,7.0,7.0,8.166666666666666,4.7882706932549315,24.0,5.0,11.0,,,,,,,,,,,
Descriptive,nasa_effort,NASA-TLX,Effort,SR,15.0,9.25,13.083333333333334,5.380453081508921,24.0,11.0,16.012499999999818,,,,,,,,,,,
Descriptive,nasa_effort,NASA-TLX,Effort,P+SR,6.5,5.0,7.25,3.813591255086151,24.0,5.0,10.0,,,,,,,,,,,
Descriptive,nasa_effort,NASA-TLX,Effort,Pointing,7.0,5.5,7.583333333333333,3.729047747273998,24.0,5.0,10.0,,,,,,,,,,,
Descriptive,nasa_effort,NASA-TLX,Effort,Label,15.0,5.25,14.25,5.143590354910705,24.0,13.0,17.0,,,,,,,,,,,
Descriptive,nasa_frustration,NASA-TLX,Frustration,SR,11.5,7.0,11.791666666666666,4.442670237658846,24.0,9.0,15.0,,,,,,,,,,,
Descriptive,nasa_frustration,NASA-TLX,Frustration,P+SR,4.0,4.25,4.875,3.6153356931152385,24.0,2.0,5.5,,,,,,,,,,,
Descriptive,nasa_frustration,NASA-TLX,Frustration,Pointing,6.0,7.0,6.291666666666667,3.758806085501858,24.0,3.5,9.0,,,,,,,,,,,
Descriptive,nasa_frustration,NASA-TLX,Frustration,Label,12.0,7.5,11.166666666666666,5.138657130170223,24.0,8.0,13.0,,,,,,,,,,,
Inferential,friedman_summary,SUS,Total,,,,,,24.0,,,44.19230769230773,3.0,1.3736919752982764e-09,0.6137820512820518,4.0,,,,,,
Inferential,nemenyi_adjusted_p,SUS,Total,,,,,,,,,,,,,,SR,SR,1.0,,,
Inferential,nemenyi_adjusted_p,SUS,Total,,,,,,,,,,,,,,P+SR,SR,1.578308846372778e-05,,,
Inferential,nemenyi_adjusted_p,SUS,Total,,,,,,,,,,,,,,Pointing,SR,3.525796868142361e-05,,,
Inferential,nemenyi_adjusted_p,SUS,Total,,,,,,,,,,,,,,Label,SR,0.999937328318897,,,
Inferential,nemenyi_adjusted_p,SUS,Total,,,,,,,,,,,,,,SR,P+SR,1.578308846372778e-05,,,
Inferential,nemenyi_adjusted_p,SUS,Total,,,,,,,,,,,,,,P+SR,P+SR,1.0,,,
Inferential,nemenyi_adjusted_p,SUS,Total,,,,,,,,,,,,,,Pointing,P+SR,0.9983236344681092,,,
Inferential,nemenyi_adjusted_p,SUS,Total,,,,,,,,,,,,,,Label,P+SR,1.1999057032086036e-05,,,
Inferential,nemenyi_adjusted_p,SUS,Total,,,,,,,,,,,,,,SR,Pointing,3.525796868142361e-05,,,
Inferential,nemenyi_adjusted_p,SUS,Total,,,,,,,,,,,,,,P+SR,Pointing,0.9983236344681092,,,
Inferential,nemenyi_adjusted_p,SUS,Total,,,,,,,,,,,,,,Pointing,Pointing,1.0,,,
Inferential,nemenyi_adjusted_p,SUS,Total,,,,,,,,,,,,,,Label,Pointing,2.705508701472681e-05,,,
Inferential,nemenyi_adjusted_p,SUS,Total,,,,,,,,,,,,,,SR,Label,0.999937328318897,,,
Inferential,nemenyi_adjusted_p,SUS,Total,,,,,,,,,,,,,,P+SR,Label,1.1999057032086036e-05,,,
Inferential,nemenyi_adjusted_p,SUS,Total,,,,,,,,,,,,,,Pointing,Label,2.705508701472681e-05,,,
Inferential,nemenyi_adjusted_p,SUS,Total,,,,,,,,,,,,,,Label,Label,1.0,,,
Inferential,nemenyi_significant_pairs,SUS,Total,,,,,,,,,,,,,,,,,≤.01,SR,P+SR
Inferential,nemenyi_significant_pairs,SUS,Total,,,,,,,,,,,,,,,,,≤.01,SR,Pointing
Inferential,nemenyi_significant_pairs,SUS,Total,,,,,,,,,,,,,,,,,≤.01,P+SR,Label
Inferential,nemenyi_significant_pairs,SUS,Total,,,,,,,,,,,,,,,,,≤.01,Pointing,Label
Inferential,friedman_summary,TAM,Total,,,,,,24.0,,,38.07692307692308,3.0,2.7224453710408738e-08,0.5288461538461539,4.0,,,,,,
Inferential,nemenyi_adjusted_p,TAM,Total,,,,,,,,,,,,,,SR,SR,1.0,,,
Inferential,nemenyi_adjusted_p,TAM,Total,,,,,,,,,,,,,,P+SR,SR,9.094110556051582e-06,,,
Inferential,nemenyi_adjusted_p,TAM,Total,,,,,,,,,,,,,,Pointing,SR,0.0008290735179845576,,,
Inferential,nemenyi_adjusted_p,TAM,Total,,,,,,,,,,,,,,Label,SR,0.9995003849920175,,,
Inferential,nemenyi_adjusted_p,TAM,Total,,,,,,,,,,,,,,SR,P+SR,9.094110556051582e-06,,,
Inferential,nemenyi_adjusted_p,TAM,Total,,,,,,,,,,,,,,P+SR,P+SR,1.0,,,
Inferential,nemenyi_adjusted_p,TAM,Total,,,,,,,,,,,,,,Pointing,P+SR,0.7457723543693915,,,
Inferential,nemenyi_adjusted_p,TAM,Total,,,,,,,,,,,,,,Label,P+SR,1.578308846372778e-05,,,
Inferential,nemenyi_adjusted_p,TAM,Total,,,,,,,,,,,,,,SR,Pointing,0.0008290735179845576,,,
Inferential,nemenyi_adjusted_p,TAM,Total,,,,,,,,,,,,,,P+SR,Pointing,0.7457723543693915,,,
Inferential,nemenyi_adjusted_p,TAM,Total,,,,,,,,,,,,,,Pointing,Pointing,1.0,,,
Inferential,nemenyi_adjusted_p,TAM,Total,,,,,,,,,,,,,,Label,Pointing,0.0012850013851058995,,,
Inferential,nemenyi_adjusted_p,TAM,Total,,,,,,,,,,,,,,SR,Label,0.9995003849920175,,,
Inferential,nemenyi_adjusted_p,TAM,Total,,,,,,,,,,,,,,P+SR,Label,1.578308846372778e-05,,,
Inferential,nemenyi_adjusted_p,TAM,Total,,,,,,,,,,,,,,Pointing,Label,0.0012850013851058995,,,
Inferential,nemenyi_adjusted_p,TAM,Total,,,,,,,,,,,,,,Label,Label,1.0,,,
Inferential,nemenyi_significant_pairs,TAM,Total,,,,,,,,,,,,,,,,,≤.01,SR,P+SR
Inferential,nemenyi_significant_pairs,TAM,Total,,,,,,,,,,,,,,,,,≤.01,SR,Pointing
Inferential,nemenyi_significant_pairs,TAM,Total,,,,,,,,,,,,,,,,,≤.01,P+SR,Label
Inferential,nemenyi_significant_pairs,TAM,Total,,,,,,,,,,,,,,,,,≤.01,Pointing,Label
Inferential,friedman_summary,TPA,Total,,,,,,24.0,,,37.57021276595747,3.0,3.4851675601345885e-08,0.5218085106382983,4.0,,,,,,
Inferential,nemenyi_adjusted_p,TPA,Total,,,,,,,,,,,,,,SR,SR,1.0,,,
Inferential,nemenyi_adjusted_p,TPA,Total,,,,,,,,,,,,,,P+SR,SR,0.0006627475992330156,,,
Inferential,nemenyi_adjusted_p,TPA,Total,,,,,,,,,,,,,,Pointing,SR,2.9095194001849123e-06,,,
Inferential,nemenyi_adjusted_p,TPA,Total,,,,,,,,,,,,,,Label,SR,0.958360637874465,,,
Inferential,nemenyi_adjusted_p,TPA,Total,,,,,,,,,,,,,,SR,P+SR,0.0006627475992330156,,,
Inferential,nemenyi_adjusted_p,TPA,Total,,,,,,,,,,,,,,P+SR,P+SR,1.0,,,
Inferential,nemenyi_adjusted_p,TPA,Total,,,,,,,,,,,,,,Pointing,P+SR,0.6433556312205635,,,
Inferential,nemenyi_adjusted_p,TPA,Total,,,,,,,,,,,,,,Label,P+SR,0.00442639826329827,,,
Inferential,nemenyi_adjusted_p,TPA,Total,,,,,,,,,,,,,,SR,Pointing,2.9095194001849123e-06,,,
Inferential,nemenyi_adjusted_p,TPA,Total,,,,,,,,,,,,,,P+SR,Pointing,0.6433556312205635,,,
Inferential,nemenyi_adjusted_p,TPA,Total,,,,,,,,,,,,,,Pointing,Pointing,1.0,,,
Inferential,nemenyi_adjusted_p,TPA,Total,,,,,,,,,,,,,,Label,Pointing,3.525796868142361e-05,,,
Inferential,nemenyi_adjusted_p,TPA,Total,,,,,,,,,,,,,,SR,Label,0.958360637874465,,,
Inferential,nemenyi_adjusted_p,TPA,Total,,,,,,,,,,,,,,P+SR,Label,0.00442639826329827,,,
Inferential,nemenyi_adjusted_p,TPA,Total,,,,,,,,,,,,,,Pointing,Label,3.525796868142361e-05,,,
Inferential,nemenyi_adjusted_p,TPA,Total,,,,,,,,,,,,,,Label,Label,1.0,,,
Inferential,nemenyi_significant_pairs,TPA,Total,,,,,,,,,,,,,,,,,≤.01,SR,P+SR
Inferential,nemenyi_significant_pairs,TPA,Total,,,,,,,,,,,,,,,,,≤.01,SR,Pointing
Inferential,nemenyi_significant_pairs,TPA,Total,,,,,,,,,,,,,,,,,≤.01,P+SR,Label
Inferential,nemenyi_significant_pairs,TPA,Total,,,,,,,,,,,,,,,,,≤.01,Pointing,Label
Inferential,friedman_summary,NASA-TLX,Overall,,,,,,24.0,,,41.5042372881356,3.0,5.111697678306414e-09,0.5764477401129944,4.0,,,,,,
Inferential,nemenyi_adjusted_p,NASA-TLX,Overall,,,,,,,,,,,,,,SR,SR,1.0,,,
Inferential,nemenyi_adjusted_p,NASA-TLX,Overall,,,,,,,,,,,,,,P+SR,SR,8.861582918573419e-07,,,
Inferential,nemenyi_adjusted_p,NASA-TLX,Overall,,,,,,,,,,,,,,Pointing,SR,0.00041946996397446146,,,
Inferential,nemenyi_adjusted_p,NASA-TLX,Overall,,,,,,,,,,,,,,Label,SR,0.9796722101651225,,,
Inferential,nemenyi_adjusted_p,NASA-TLX,Overall,,,,,,,,,,,,,,SR,P+SR,8.861582918573419e-07,,,
Inferential,nemenyi_adjusted_p,NASA-TLX,Overall,,,,,,,,,,,,,,P+SR,P+SR,1.0,,,
Inferential,nemenyi_adjusted_p,NASA-TLX,Overall,,,,,,,,,,,,,,Pointing,P+SR,0.5720282020294645,,,
Inferential,nemenyi_adjusted_p,NASA-TLX,Overall,,,,,,,,,,,,,,Label,P+SR,6.871204181524426e-06,,,
Inferential,nemenyi_adjusted_p,NASA-TLX,Overall,,,,,,,,,,,,,,SR,Pointing,0.00041946996397446146,,,
Inferential,nemenyi_adjusted_p,NASA-TLX,Overall,,,,,,,,,,,,,,P+SR,Pointing,0.5720282020294645,,,
Inferential,nemenyi_adjusted_p,NASA-TLX,Overall,,,,,,,,,,,,,,Pointing,Pointing,1.0,,,
Inferential,nemenyi_adjusted_p,NASA-TLX,Overall,,,,,,,,,,,,,,Label,Pointing,0.001966123011488796,,,
Inferential,nemenyi_adjusted_p,NASA-TLX,Overall,,,,,,,,,,,,,,SR,Label,0.9796722101651225,,,
Inferential,nemenyi_adjusted_p,NASA-TLX,Overall,,,,,,,,,,,,,,P+SR,Label,6.871204181524426e-06,,,
Inferential,nemenyi_adjusted_p,NASA-TLX,Overall,,,,,,,,,,,,,,Pointing,Label,0.001966123011488796,,,
Inferential,nemenyi_adjusted_p,NASA-TLX,Overall,,,,,,,,,,,,,,Label,Label,1.0,,,
Inferential,nemenyi_significant_pairs,NASA-TLX,Overall,,,,,,,,,,,,,,,,,≤.01,SR,P+SR
Inferential,nemenyi_significant_pairs,NASA-TLX,Overall,,,,,,,,,,,,,,,,,≤.01,SR,Pointing
Inferential,nemenyi_significant_pairs,NASA-TLX,Overall,,,,,,,,,,,,,,,,,≤.01,P+SR,Label
Inferential,nemenyi_significant_pairs,NASA-TLX,Overall,,,,,,,,,,,,,,,,,≤.01,Pointing,Label
Reliability,cronbach_alpha,SUS,,,,,,,,,,,,,,,,,,-0.2248510729331225,,
Reliability,cronbach_alpha,TAM,,,,,,,,,,,,,,,,,,0.9559489603563268,,
Reliability,cronbach_alpha,TPA,,,,,,,,,,,,,,,,,,0.4832764944826914,,
Reliability,cronbach_alpha,NASA_TLX,,,,,,,,,,,,,,,,,,0.6333892277506451,,
