condition,metric,value,stat,metric
SR,SUS_median,52.5,median,SUS
P+SR,SUS_median,83.75,median,SUS
Pointing,SUS_median,76.25,median,SUS
Label,SUS_median,42.5,median,SUS
SR,SUS_mean,50.9375,mean,SUS
P+SR,SUS_mean,80.52083333333333,mean,SUS
Pointing,SUS_mean,78.33333333333333,mean,SUS
Label,SUS_mean,47.91666666666666,mean,SUS
SR,SUS_sd,13.609709210067962,,SUS_sd
P+SR,SUS_sd,14.57699137463667,,SUS_sd
Pointing,SUS_sd,13.62675331093586,,SUS_sd
Label,SUS_sd,16.805580508625226,,SUS_sd
SR,SUS_n,24.0,,SUS_n
P+SR,SUS_n,24.0,,SUS_n
Pointing,SUS_n,24.0,,SUS_n
Label,SUS_n,24.0,,SUS_n
SR,TAM_Total_median,4.291666666666666,median,TAM_Total
P+SR,TAM_Total_median,6.0,median,TAM_Total
Pointing,TAM_Total_median,5.5,median,TAM_Total
Label,TAM_Total_median,3.833333333333333,median,TAM_Total
SR,TAM_Total_mean,4.215277777777778,mean,TAM_Total
P+SR,TAM_Total_mean,5.940972222222221,mean,TAM_Total
Pointing,TAM_Total_mean,5.513888888888888,mean,TAM_Total
Label,TAM_Total_mean,4.027777777777778,mean,TAM_Total
SR,TAM_Total_sd,1.0358654887527867,,TAM_Total_sd
P+SR,TAM_Total_sd,0.8403613664656336,,TAM_Total_sd
Pointing,TAM_Total_sd,0.8557374798736747,,TAM_Total_sd
Label,TAM_Total_sd,1.3027902670311808,,TAM_Total_sd
SR,TAM_Total_n,24.0,,TAM_Total_n
P+SR,TAM_Total_n,24.0,,TAM_Total_n
Pointing,TAM_Total_n,24.0,,TAM_Total_n
Label,TAM_Total_n,24.0,,TAM_Total_n
SR,TPA_Total_median,4.083333333333334,median,TPA_Total
P+SR,TPA_Total_median,6.041666666666666,median,TPA_Total
Pointing,TPA_Total_median,6.125,median,TPA_Total
Label,TPA_Total_median,4.791666666666666,median,TPA_Total
SR,TPA_Total_mean,4.298611111111112,mean,TPA_Total
P+SR,TPA_Total_mean,6.0243055555555545,mean,TPA_Total
Pointing,TPA_Total_mean,6.125,mean,TPA_Total
Label,TPA_Total_mean,4.916666666666667,mean,TPA_Total
SR,TPA_Total_sd,1.1818158944495505,,TPA_Total_sd
P+SR,TPA_Total_sd,0.696557774699532,,TPA_Total_sd
Pointing,TPA_Total_sd,0.7554152327780023,,TPA_Total_sd
Label,TPA_Total_sd,1.11261974875247,,TPA_Total_sd
SR,TPA_Total_n,24.0,,TPA_Total_n
P+SR,TPA_Total_n,24.0,,TPA_Total_n
Pointing,TPA_Total_n,24.0,,TPA_Total_n
Label,TPA_Total_n,24.0,,TPA_Total_n
SR,NASA_Overall_median,11.25,median,NASA_Overall
P+SR,NASA_Overall_median,4.5,median,NASA_Overall
Pointing,NASA_Overall_median,5.583333333333334,median,NASA_Overall
Label,NASA_Overall_median,10.75,median,NASA_Overall
SR,NASA_Overall_mean,11.131944444444445,mean,NASA_Overall
P+SR,NASA_Overall_mean,5.395833333333333,mean,NASA_Overall
Pointing,NASA_Overall_mean,6.340277777777779,mean,NASA_Overall
Label,NASA_Overall_mean,10.284722222222223,mean,NASA_Overall
SR,NASA_Overall_sd,2.806987126988456,,NASA_Overall_sd
P+SR,NASA_Overall_sd,2.998313737036284,,NASA_Overall_sd
Pointing,NASA_Overall_sd,2.7028698143814407,,NASA_Overall_sd
Label,NASA_Overall_sd,3.69504145043745,,NASA_Overall_sd
SR,NASA_Overall_n,24.0,,NASA_Overall_n
P+SR,NASA_Overall_n,24.0,,NASA_Overall_n
Pointing,NASA_Overall_n,24.0,,NASA_Overall_n
Label,NASA_Overall_n,24.0,,NASA_Overall_n
SR,N_actuations_median,4.0,median,N_actuations
P+SR,N_actuations_median,3.0,median,N_actuations
Pointing,N_actuations_median,5.0,median,N_actuations
Label,N_actuations_median,3.5,median,N_actuations
SR,N_cmds_median,2.0,median,N_cmds
P+SR,N_cmds_median,1.0,median,N_cmds
Pointing,N_cmds_median,2.0,median,N_cmds
Label,N_cmds_median,1.5,median,N_cmds
SR,T_task_sec_median,63.105976,median,T_task_sec
P+SR,T_task_sec_median,37.32970045,median,T_task_sec
Pointing,T_task_sec_median,34.54595125,median,T_task_sec
Label,T_task_sec_median,51.54772565,median,T_task_sec
SR,N_actuations_mean,4.913043478260869,mean,N_actuations
P+SR,N_actuations_mean,3.1739130434782608,mean,N_actuations
Pointing,N_actuations_mean,4.521739130434782,mean,N_actuations
Label,N_actuations_mean,4.326086956521739,mean,N_actuations
SR,N_cmds_mean,2.065217391304348,mean,N_cmds
P+SR,N_cmds_mean,1.1521739130434785,mean,N_cmds
Pointing,N_cmds_mean,2.0217391304347827,mean,N_cmds
Label,N_cmds_mean,1.673913043478261,mean,N_cmds
SR,T_task_sec_mean,76.39101124999999,mean,T_task_sec
P+SR,T_task_sec_mean,39.03488720869566,mean,T_task_sec
Pointing,T_task_sec_mean,35.17375840217392,mean,T_task_sec
Label,T_task_sec_mean,54.09209941304347,mean,T_task_sec
SR,N_actuations_sd,2.489305187437959,,N_actuations_sd
P+SR,N_actuations_sd,1.2757234636594348,,N_actuations_sd
Pointing,N_actuations_sd,1.016659647052377,,N_actuations_sd
Label,N_actuations_sd,1.3366230825562362,,N_actuations_sd
SR,N_cmds_sd,0.9207747210672768,,N_cmds_sd
P+SR,N_cmds_sd,0.4630624984495674,,N_cmds_sd
Pointing,N_cmds_sd,0.1042572070285373,,N_cmds_sd
Label,N_cmds_sd,0.6843825294674872,,N_cmds_sd
SR,T_task_sec_sd,35.35030279210944,,T_task_sec_sd
P+SR,T_task_sec_sd,14.263984020850652,,T_task_sec_sd
Pointing,T_task_sec_sd,9.855336506138055,,T_task_sec_sd
Label,T_task_sec_sd,17.160900349756126,,T_task_sec_sd
SR,logT_mean,4.335865035454913,mean,logT
P+SR,logT_mean,3.6644557900764863,mean,logT
Pointing,logT_mean,3.560300304642545,mean,logT
Label,logT_mean,3.990688138460557,mean,logT
SR,logT_median,4.14481547187734,median,logT
P+SR,logT_median,3.619789268517121,median,logT
Pointing,logT_median,3.542290358108168,median,logT
Label,logT_median,3.942508090188035,median,logT
