participant,condition,file,taskId,T_task_sec,N_cmds,N_actuations,n_devices_final,n_colors_required
1,Label,4_D.json,2e919b0d-6d84-4641-a535-930a7ca6c8b7,45.18023,2,6,3,3
1,Label,4_D.json,79dc7e7b-d1c7-4237-908d-f541b20406d4,38.279994,1,1,1,1
1,Label,4_D.json,fdf65cab-a9a0-4e5f-ac35-c3cff2196644,64.52007,1,4,4,1
1,Label,4_D.json,2d0b42ad-6703-463c-81b3-4ee4d0c8b347,32.119994,1,1,1,1
1,Label,4_D.json,ae59cd40-20ff-4809-8cbb-87c7cc41665c,110.80046,6,18,4,2
1,Label,4_D.json,5dde3eac-8ee6-4821-99d4-f6e4ae5f7bd2,20.04027,1,2,2,2
1,Label,4_D.json,40573e58-0087-4bb3-9ed7-d18a24a35b78,54.60008,3,18,9,3
1,Label,4_D.json,7aeefa77-f398-4a26-b615-e50c4d05ba64,21.04006,1,2,2,2
1,Label,4_D.json,09ff7f59-f6d6-4c54-9955-f1b4bfd11225,20.68005,1,3,3,1
1,Label,4_D.json,b1e13b56-4030-40b3-a8c7-fbc4554e6c18,80.179997,2,6,4,2
1,Label,4_D.json,bee10050-f98c-456a-a684-4435ee88ef00,35.94027,1,3,3,3
1,Label,4_D.json,c78550a2-290e-4b94-98db-961c2110c668,19.70006,2,6,4,2
1,Pointing,3_C.json,7612d934-759d-4a55-9a58-ef65940b7162,52.0213661,3,6,3,3
1,Pointing,3_C.json,b0e9f035-c92f-4dc6-bd0a-a10b2941f902,16.11647,1,1,1,1
1,Pointing,3_C.json,ff4748e2-cd97-45bb-bf2c-e5c9c33f78ac,38.9533424,1,3,3,1
1,Pointing,3_C.json,04f5e376-2845-485a-8cb1-c38e3858ff8a,35.8074036,2,6,4,2
1,Pointing,3_C.json,1ff814e6-7f85-4e81-ad9f-9aababb20e6d,41.2814,2,6,4,2
1,Pointing,3_C.json,4e23551b-4fd6-49d6-bc2b-c11836bf2a24,40.26455,2,3,2,2
1,Pointing,3_C.json,b594ae95-d981-4868-ae48-3f63eb87087a,25.8251057,2,6,4,2
1,Pointing,3_C.json,e81806f6-a4f2-4336-b77b-3407e101bc18,34.91839,2,5,3,2
1,Pointing,3_C.json,3bc363f5-3c91-4c51-8139-93034b21f3a9,16.84917,1,1,1,1
1,Pointing,3_C.json,e0153245-d5d9-449a-87f1-2a35d3239eef,28.73032,2,9,6,2
1,Pointing,3_C.json,3d9e0045-08fb-4a50-b4e5-e4b24c3554c9,19.9321346,1,2,2,1
1,Pointing,3_C.json,fd995852-c28d-49e9-97b5-9774af3241c3,39.94463,3,12,6,3
1,P+SR,2_B.json,95479aa7-9c98-49e4-817e-727302518dae,34.9134521,1,3,3,1
1,P+SR,2_B.json,2a7b8c63-3775-4bbf-8841-7976b4ccf32f,93.4015045,1,4,4,2
1,P+SR,2_B.json,fcee09b7-efa4-4e87-956e-553ee7bb3648,22.82896,1,2,2,1
1,P+SR,2_B.json,1a84f2f7-1739-41af-94ae-9a3c6677e61d,27.5241356,1,3,3,2
1,P+SR,2_B.json,4f145d76-f69f-4547-90a7-56281733ca5b,30.08858,1,2,2,2
1,P+SR,2_B.json,9e93766e-b621-4d6e-9927-173ac982bf3a,26.2445641,1,2,2,2
1,P+SR,2_B.json,25c3ccdb-26c7-4109-bcfe-730434f9caa9,28.5922871,1,2,2,1
1,P+SR,2_B.json,19e8d0a8-02bf-4644-9732-e4190e13825e,63.62015,2,6,4,2
1,P+SR,2_B.json,cd873fbb-fcc1-43bd-8f04-bb3b2d716af4,28.4153919,1,6,6,2
1,P+SR,2_B.json,4fd86244-384f-4a69-adc8-6fd13c16422c,31.2349129,1,3,3,3
1,P+SR,2_B.json,386be10f-0686-4118-928d-b57f06593b2f,63.2518272,2,5,3,2
1,P+SR,2_B.json,b3a3afee-32b8-4986-b9e8-16227e2c7bd9,19.374506,1,1,1,1
1,SR,1_A.json,2369c5c0-c4bb-4308-a9cd-05a64a69f91a,92.06196,3,15,6,2
1,SR,1_A.json,d58fe3c1-28a0-4e49-9e2f-e72569f6e61e,49.800087,1,4,4,3
1,SR,1_A.json,0ebd3226-6abe-4b54-8d2f-6c4c8adc1978,55.4441147,2,3,2,2
1,SR,1_A.json,fe0ef0b0-c647-4b3a-b2f6-68a75133a566,28.2178535,1,1,1,1
1,SR,1_A.json,8aeed698-e7ee-41ef-bfe7-56f37e2232ab,92.1722946,3,6,3,3
1,SR,1_A.json,137e922c-0877-46af-a797-5a32df2edf5d,94.04735,3,6,3,3
1,SR,1_A.json,f548cabb-2a47-4399-a702-f76d5d1336df,31.2542667,2,3,2,1
1,SR,1_A.json,81c1a60b-c8ac-4a16-b831-1df68863e61e,84.8167953,3,6,3,2
1,SR,1_A.json,c87d383c-41db-4303-8615-9271bbf2465e,57.0979958,2,3,2,2
1,SR,1_A.json,e2dc0c9a-3e6f-40a4-b8c5-7289c1efe296,29.4735222,1,1,1,1
1,SR,1_A.json,7cbd6f03-54a0-426f-b4ea-d8e0ce58e276,50.60276,2,3,2,1
1,SR,1_A.json,eee4a904-a6ad-4369-970f-b656e1f59f12,46.11376,2,3,2,2
10,P+SR,2_A.json,fe0ef0b0-c647-4b3a-b2f6-68a75133a566,10.0790071,1,1,1,1
10,P+SR,2_A.json,d58fe3c1-28a0-4e49-9e2f-e72569f6e61e,43.500927,3,9,4,3
10,P+SR,2_A.json,8aeed698-e7ee-41ef-bfe7-56f37e2232ab,26.4523144,1,3,3,3
10,P+SR,2_A.json,2369c5c0-c4bb-4308-a9cd-05a64a69f91a,37.3018036,1,6,6,2
10,P+SR,2_A.json,e2dc0c9a-3e6f-40a4-b8c5-7289c1efe296,10.8414,1,1,1,1
10,P+SR,2_A.json,7cbd6f03-54a0-426f-b4ea-d8e0ce58e276,14.2941618,1,2,2,1
10,P+SR,2_A.json,0ebd3226-6abe-4b54-8d2f-6c4c8adc1978,15.6493149,1,2,2,2
10,P+SR,2_A.json,137e922c-0877-46af-a797-5a32df2edf5d,138.842117,4,9,3,3
10,P+SR,2_A.json,f548cabb-2a47-4399-a702-f76d5d1336df,17.7508488,1,2,2,1
10,P+SR,2_A.json,81c1a60b-c8ac-4a16-b831-1df68863e61e,32.89805,1,3,3,2
10,P+SR,2_A.json,c87d383c-41db-4303-8615-9271bbf2465e,53.6768456,1,2,2,2
10,P+SR,2_A.json,eee4a904-a6ad-4369-970f-b656e1f59f12,24.0876369,1,2,2,2
10,Pointing,3_D.json,40573e58-0087-4bb3-9ed7-d18a24a35b78,40.41314,3,18,9,3
10,Pointing,3_D.json,bee10050-f98c-456a-a684-4435ee88ef00,29.69144,3,6,3,3
10,Pointing,3_D.json,b1e13b56-4030-40b3-a8c7-fbc4554e6c18,18.0844841,2,6,4,2
10,Pointing,3_D.json,2d0b42ad-6703-463c-81b3-4ee4d0c8b347,14.070364,1,1,1,1
10,Pointing,3_D.json,ae59cd40-20ff-4809-8cbb-87c7cc41665c,28.3444977,2,6,4,2
10,Pointing,3_D.json,fdf65cab-a9a0-4e5f-ac35-c3cff2196644,15.5318642,1,4,4,1
10,Pointing,3_D.json,c78550a2-290e-4b94-98db-961c2110c668,22.759407,2,6,4,2
10,Pointing,3_D.json,7aeefa77-f398-4a26-b615-e50c4d05ba64,27.6603947,2,3,2,2
10,Pointing,3_D.json,09ff7f59-f6d6-4c54-9955-f1b4bfd11225,14.6964579,1,3,3,1
10,Pointing,3_D.json,2e919b0d-6d84-4641-a535-930a7ca6c8b7,26.0927029,3,6,3,3
10,Pointing,3_D.json,79dc7e7b-d1c7-4237-908d-f541b20406d4,21.0893536,2,2,1,1
10,Pointing,3_D.json,5dde3eac-8ee6-4821-99d4-f6e4ae5f7bd2,29.7057514,2,3,2,2
10,Label,4_B.json,25c3ccdb-26c7-4109-bcfe-730434f9caa9,22.90212,1,2,2,1
10,Label,4_B.json,386be10f-0686-4118-928d-b57f06593b2f,52.5091,3,9,3,2
10,Label,4_B.json,4fd86244-384f-4a69-adc8-6fd13c16422c,50.3995056,2,5,3,3
10,Label,4_B.json,1a84f2f7-1739-41af-94ae-9a3c6677e61d,25.40648,1,3,3,2
10,Label,4_B.json,4f145d76-f69f-4547-90a7-56281733ca5b,50.9055748,2,4,2,2
10,Label,4_B.json,fcee09b7-efa4-4e87-956e-553ee7bb3648,26.2481251,1,2,2,1
10,Label,4_B.json,b3a3afee-32b8-4986-b9e8-16227e2c7bd9,22.28995,1,1,1,1
10,Label,4_B.json,19e8d0a8-02bf-4644-9732-e4190e13825e,34.9136,2,6,4,2
10,Label,4_B.json,cd873fbb-fcc1-43bd-8f04-bb3b2d716af4,34.382473,2,9,6,2
10,Label,4_B.json,95479aa7-9c98-49e4-817e-727302518dae,14.8778629,1,3,3,1
10,Label,4_B.json,2a7b8c63-3775-4bbf-8841-7976b4ccf32f,32.2311134,2,6,4,2
10,Label,4_B.json,9e93766e-b621-4d6e-9927-173ac982bf3a,14.0510159,1,2,2,2
10,SR,1_C.json,04f5e376-2845-485a-8cb1-c38e3858ff8a,62.18814,2,6,4,2
10,SR,1_C.json,3d9e0045-08fb-4a50-b4e5-e4b24c3554c9,63.45165,1,2,2,1
10,SR,1_C.json,fd995852-c28d-49e9-97b5-9774af3241c3,104.7255,4,14,6,3
10,SR,1_C.json,b594ae95-d981-4868-ae48-3f63eb87087a,41.00517,2,6,4,2
10,SR,1_C.json,e0153245-d5d9-449a-87f1-2a35d3239eef,82.07072,4,17,6,2
10,SR,1_C.json,e81806f6-a4f2-4336-b77b-3407e101bc18,85.3875351,6,12,3,2
10,SR,1_C.json,3bc363f5-3c91-4c51-8139-93034b21f3a9,55.9377823,3,4,1,1
10,SR,1_C.json,7612d934-759d-4a55-9a58-ef65940b7162,177.497955,8,26,5,3
10,SR,1_C.json,b0e9f035-c92f-4dc6-bd0a-a10b2941f902,14.883955,1,1,1,1
10,SR,1_C.json,1ff814e6-7f85-4e81-ad9f-9aababb20e6d,70.89931,3,8,4,2
10,SR,1_C.json,ff4748e2-cd97-45bb-bf2c-e5c9c33f78ac,68.0083847,3,6,3,1
10,SR,1_C.json,4e23551b-4fd6-49d6-bc2b-c11836bf2a24,34.3222542,2,3,2,2
11,P+SR,2_D.json,40573e58-0087-4bb3-9ed7-d18a24a35b78,50.5299225,3,18,9,3
11,P+SR,2_D.json,c78550a2-290e-4b94-98db-961c2110c668,30.84306,2,6,4,2
11,P+SR,2_D.json,fdf65cab-a9a0-4e5f-ac35-c3cff2196644,18.3327656,1,4,4,1
11,P+SR,2_D.json,09ff7f59-f6d6-4c54-9955-f1b4bfd11225,20.9297714,1,3,3,1
11,P+SR,2_D.json,ae59cd40-20ff-4809-8cbb-87c7cc41665c,44.99065,3,10,4,2
11,P+SR,2_D.json,5dde3eac-8ee6-4821-99d4-f6e4ae5f7bd2,34.35831,2,3,2,2
11,P+SR,2_D.json,2e919b0d-6d84-4641-a535-930a7ca6c8b7,31.55604,1,3,3,3
11,P+SR,2_D.json,bee10050-f98c-456a-a684-4435ee88ef00,25.3456249,1,3,3,3
11,P+SR,2_D.json,79dc7e7b-d1c7-4237-908d-f541b20406d4,26.5497417,1,1,1,1
11,P+SR,2_D.json,b1e13b56-4030-40b3-a8c7-fbc4554e6c18,25.9863453,2,6,4,2
11,P+SR,2_D.json,2d0b42ad-6703-463c-81b3-4ee4d0c8b347,21.3477764,1,1,1,1
11,P+SR,2_D.json,7aeefa77-f398-4a26-b615-e50c4d05ba64,30.0255375,2,3,2,2
11,Label,4_A.json,fe0ef0b0-c647-4b3a-b2f6-68a75133a566,76.46581,2,3,2,1
11,Label,4_A.json,0ebd3226-6abe-4b54-8d2f-6c4c8adc1978,194.956711,5,17,2,2
11,Label,4_A.json,7cbd6f03-54a0-426f-b4ea-d8e0ce58e276,58.8654022,3,6,3,1
11,Label,4_A.json,f548cabb-2a47-4399-a702-f76d5d1336df,34.5113945,1,2,2,1
11,Label,4_A.json,e2dc0c9a-3e6f-40a4-b8c5-7289c1efe296,19.51532,1,1,1,1
11,Label,4_A.json,eee4a904-a6ad-4369-970f-b656e1f59f12,80.1904144,5,8,2,2
11,Label,4_A.json,81c1a60b-c8ac-4a16-b831-1df68863e61e,98.91836,5,14,3,2
11,Label,4_A.json,d58fe3c1-28a0-4e49-9e2f-e72569f6e61e,73.9090652,4,11,4,3
11,Label,4_A.json,c87d383c-41db-4303-8615-9271bbf2465e,48.51194,3,4,2,2
11,Label,4_A.json,8aeed698-e7ee-41ef-bfe7-56f37e2232ab,49.956852,3,6,3,3
11,Label,4_A.json,2369c5c0-c4bb-4308-a9cd-05a64a69f91a,57.2309837,2,9,6,2
11,Label,4_A.json,137e922c-0877-46af-a797-5a32df2edf5d,57.0331726,4,7,3,3
11,Pointing,3_C.json,b594ae95-d981-4868-ae48-3f63eb87087a,97.87539,2,6,4,2
11,Pointing,3_C.json,fd995852-c28d-49e9-97b5-9774af3241c3,98.83795,3,12,6,3
11,Pointing,3_C.json,ff4748e2-cd97-45bb-bf2c-e5c9c33f78ac,32.3114243,1,3,3,1
11,Pointing,3_C.json,3bc363f5-3c91-4c51-8139-93034b21f3a9,20.7450943,1,1,1,1
11,Pointing,3_C.json,1ff814e6-7f85-4e81-ad9f-9aababb20e6d,50.8949432,2,6,4,2
11,Pointing,3_C.json,4e23551b-4fd6-49d6-bc2b-c11836bf2a24,35.1736679,2,3,2,2
11,Pointing,3_C.json,7612d934-759d-4a55-9a58-ef65940b7162,52.7510872,3,6,3,3
11,Pointing,3_C.json,3d9e0045-08fb-4a50-b4e5-e4b24c3554c9,37.71689,1,2,2,1
11,Pointing,3_C.json,b0e9f035-c92f-4dc6-bd0a-a10b2941f902,20.490572,1,1,1,1
11,Pointing,3_C.json,e0153245-d5d9-449a-87f1-2a35d3239eef,43.6954041,2,9,6,2
11,Pointing,3_C.json,04f5e376-2845-485a-8cb1-c38e3858ff8a,34.4756241,2,6,4,2
11,Pointing,3_C.json,e81806f6-a4f2-4336-b77b-3407e101bc18,31.2091484,2,5,3,2
11,SR,1_B.json,1a84f2f7-1739-41af-94ae-9a3c6677e61d,64.08883,3,7,3,2
11,SR,1_B.json,386be10f-0686-4118-928d-b57f06593b2f,78.62865,4,13,4,2
11,SR,1_B.json,b3a3afee-32b8-4986-b9e8-16227e2c7bd9,44.73259,1,1,1,1
11,SR,1_B.json,25c3ccdb-26c7-4109-bcfe-730434f9caa9,39.47451,1,2,2,1
11,SR,1_B.json,4fd86244-384f-4a69-adc8-6fd13c16422c,97.34027,5,12,4,3
11,SR,1_B.json,19e8d0a8-02bf-4644-9732-e4190e13825e,242.860245,3,7,4,2
11,SR,1_B.json,cd873fbb-fcc1-43bd-8f04-bb3b2d716af4,151.129364,3,14,7,2
11,SR,1_B.json,95479aa7-9c98-49e4-817e-727302518dae,77.71267,4,17,6,1
11,SR,1_B.json,2a7b8c63-3775-4bbf-8841-7976b4ccf32f,55.7783623,3,9,4,2
11,SR,1_B.json,4f145d76-f69f-4547-90a7-56281733ca5b,41.7536125,2,5,3,2
11,SR,1_B.json,fcee09b7-efa4-4e87-956e-553ee7bb3648,24.39209,1,2,2,1
11,SR,1_B.json,9e93766e-b621-4d6e-9927-173ac982bf3a,50.003685,3,6,3,2
12,Label,4_A.json,7cbd6f03-54a0-426f-b4ea-d8e0ce58e276,79.86022,2,3,2,1
12,Label,4_A.json,f548cabb-2a47-4399-a702-f76d5d1336df,143.823425,4,8,2,1
12,Label,4_A.json,81c1a60b-c8ac-4a16-b831-1df68863e61e,182.560791,7,16,3,2
12,Label,4_A.json,137e922c-0877-46af-a797-5a32df2edf5d,46.3814659,1,3,3,3
12,Label,4_A.json,0ebd3226-6abe-4b54-8d2f-6c4c8adc1978,40.6587524,2,4,2,2
12,Label,4_A.json,c87d383c-41db-4303-8615-9271bbf2465e,39.6804047,1,2,2,2
12,Label,4_A.json,2369c5c0-c4bb-4308-a9cd-05a64a69f91a,37.977375,1,6,6,2
12,Label,4_A.json,8aeed698-e7ee-41ef-bfe7-56f37e2232ab,90.11824,3,7,3,3
12,Label,4_A.json,e2dc0c9a-3e6f-40a4-b8c5-7289c1efe296,31.6412487,2,2,1,1
12,Label,4_A.json,d58fe3c1-28a0-4e49-9e2f-e72569f6e61e,37.4702225,1,4,4,3
12,Label,4_A.json,fe0ef0b0-c647-4b3a-b2f6-68a75133a566,18.6026325,1,1,1,1
12,Label,4_A.json,eee4a904-a6ad-4369-970f-b656e1f59f12,41.187027,1,2,2,2
12,Pointing,3_B.json,fcee09b7-efa4-4e87-956e-553ee7bb3648,33.545948,1,2,2,1
12,Pointing,3_B.json,cd873fbb-fcc1-43bd-8f04-bb3b2d716af4,45.8063622,2,9,6,2
12,Pointing,3_B.json,95479aa7-9c98-49e4-817e-727302518dae,20.726881,1,3,3,1
12,Pointing,3_B.json,19e8d0a8-02bf-4644-9732-e4190e13825e,29.4045048,2,6,4,2
12,Pointing,3_B.json,b3a3afee-32b8-4986-b9e8-16227e2c7bd9,22.4515553,1,1,1,1
12,Pointing,3_B.json,2a7b8c63-3775-4bbf-8841-7976b4ccf32f,40.0435867,2,6,4,2
12,Pointing,3_B.json,1a84f2f7-1739-41af-94ae-9a3c6677e61d,71.63541,4,10,3,2
12,Pointing,3_B.json,4fd86244-384f-4a69-adc8-6fd13c16422c,58.6179,3,6,3,3
12,Pointing,3_B.json,4f145d76-f69f-4547-90a7-56281733ca5b,42.00311,2,3,2,2
12,Pointing,3_B.json,386be10f-0686-4118-928d-b57f06593b2f,54.5424423,3,6,3,2
12,Pointing,3_B.json,25c3ccdb-26c7-4109-bcfe-730434f9caa9,22.677042,1,2,2,1
12,Pointing,3_B.json,9e93766e-b621-4d6e-9927-173ac982bf3a,34.792347,2,3,2,2
12,SR,1_D.json,2d0b42ad-6703-463c-81b3-4ee4d0c8b347,32.7313232,1,1,1,1
12,SR,1_D.json,bee10050-f98c-456a-a684-4435ee88ef00,149.36937,2,5,3,3
12,SR,1_D.json,c78550a2-290e-4b94-98db-961c2110c668,80.22805,2,6,4,2
12,SR,1_D.json,40573e58-0087-4bb3-9ed7-d18a24a35b78,235.275,2,12,10,3
12,SR,1_D.json,b1e13b56-4030-40b3-a8c7-fbc4554e6c18,207.92926,4,14,3,2
12,SR,1_D.json,7aeefa77-f398-4a26-b615-e50c4d05ba64,174.739655,5,6,2,2
12,SR,1_D.json,09ff7f59-f6d6-4c54-9955-f1b4bfd11225,134.838547,1,1,1,1
12,SR,1_D.json,2e919b0d-6d84-4641-a535-930a7ca6c8b7,133.856979,3,6,3,3
12,SR,1_D.json,79dc7e7b-d1c7-4237-908d-f541b20406d4,81.71896,2,2,1,1
12,SR,1_D.json,ae59cd40-20ff-4809-8cbb-87c7cc41665c,95.3121643,2,6,4,2
12,SR,1_D.json,5dde3eac-8ee6-4821-99d4-f6e4ae5f7bd2,98.30206,3,8,3,2
12,P+SR,2_C.json,ff4748e2-cd97-45bb-bf2c-e5c9c33f78ac,34.049675,1,3,3,1
12,P+SR,2_C.json,3bc363f5-3c91-4c51-8139-93034b21f3a9,52.9558258,1,1,1,1
12,P+SR,2_C.json,7612d934-759d-4a55-9a58-ef65940b7162,41.7490044,1,3,3,3
12,P+SR,2_C.json,e81806f6-a4f2-4336-b77b-3407e101bc18,26.58157,1,3,3,2
12,P+SR,2_C.json,fd995852-c28d-49e9-97b5-9774af3241c3,53.9204636,3,12,6,3
12,P+SR,2_C.json,b0e9f035-c92f-4dc6-bd0a-a10b2941f902,46.36486,1,1,1,1
12,P+SR,2_C.json,04f5e376-2845-485a-8cb1-c38e3858ff8a,52.94804,1,4,4,2
12,P+SR,2_C.json,e0153245-d5d9-449a-87f1-2a35d3239eef,32.9773636,1,6,6,2
12,P+SR,2_C.json,1ff814e6-7f85-4e81-ad9f-9aababb20e6d,79.59707,2,8,4,2
12,P+SR,2_C.json,3d9e0045-08fb-4a50-b4e5-e4b24c3554c9,21.849966,1,2,2,1
12,P+SR,2_C.json,b594ae95-d981-4868-ae48-3f63eb87087a,25.0977974,1,4,4,2
12,P+SR,2_C.json,4e23551b-4fd6-49d6-bc2b-c11836bf2a24,62.1901,3,6,2,2
13,Label,4_C.json,b594ae95-d981-4868-ae48-3f63eb87087a,140.347443,4,11,4,2
13,Label,4_C.json,3d9e0045-08fb-4a50-b4e5-e4b24c3554c9,70.8556747,1,2,2,1
13,Label,4_C.json,7612d934-759d-4a55-9a58-ef65940b7162,59.0212822,3,6,3,3
13,Label,4_C.json,1ff814e6-7f85-4e81-ad9f-9aababb20e6d,93.90537,4,10,4,2
13,Label,4_C.json,e81806f6-a4f2-4336-b77b-3407e101bc18,105.800957,5,12,3,2
13,Label,4_C.json,e0153245-d5d9-449a-87f1-2a35d3239eef,90.78726,2,9,6,2
13,Label,4_C.json,ff4748e2-cd97-45bb-bf2c-e5c9c33f78ac,26.5398769,1,3,3,1
13,Label,4_C.json,04f5e376-2845-485a-8cb1-c38e3858ff8a,44.9112053,2,6,4,2
13,Label,4_C.json,fd995852-c28d-49e9-97b5-9774af3241c3,107.742485,5,24,6,3
13,Label,4_C.json,b0e9f035-c92f-4dc6-bd0a-a10b2941f902,29.5866337,1,1,1,1
13,Label,4_C.json,4e23551b-4fd6-49d6-bc2b-c11836bf2a24,83.66895,3,6,3,2
13,Label,4_C.json,3bc363f5-3c91-4c51-8139-93034b21f3a9,29.6899452,1,1,1,1
13,P+SR,2_D.json,40573e58-0087-4bb3-9ed7-d18a24a35b78,119.530083,1,9,9,3
13,P+SR,2_D.json,bee10050-f98c-456a-a684-4435ee88ef00,79.48905,1,3,3,3
13,P+SR,2_D.json,2e919b0d-6d84-4641-a535-930a7ca6c8b7,60.8537445,1,3,3,3
13,P+SR,2_D.json,ae59cd40-20ff-4809-8cbb-87c7cc41665c,60.9762421,1,4,4,2
13,P+SR,2_D.json,7aeefa77-f398-4a26-b615-e50c4d05ba64,74.75196,1,2,2,2
13,P+SR,2_D.json,b1e13b56-4030-40b3-a8c7-fbc4554e6c18,68.97535,1,4,4,2
13,P+SR,2_D.json,fdf65cab-a9a0-4e5f-ac35-c3cff2196644,38.7444229,1,4,4,1
13,P+SR,2_D.json,2d0b42ad-6703-463c-81b3-4ee4d0c8b347,61.84543,1,1,1,1
13,P+SR,2_D.json,c78550a2-290e-4b94-98db-961c2110c668,39.3822174,1,4,4,2
13,P+SR,2_D.json,79dc7e7b-d1c7-4237-908d-f541b20406d4,26.6808071,1,1,1,1
13,P+SR,2_D.json,5dde3eac-8ee6-4821-99d4-f6e4ae5f7bd2,55.71344,1,2,2,2
13,P+SR,2_D.json,09ff7f59-f6d6-4c54-9955-f1b4bfd11225,44.3558235,1,3,3,1
13,Pointing,3_A.json,fe0ef0b0-c647-4b3a-b2f6-68a75133a566,58.438385,1,1,1,1
13,Pointing,3_A.json,d58fe3c1-28a0-4e49-9e2f-e72569f6e61e,88.26167,3,9,4,3
13,Pointing,3_A.json,81c1a60b-c8ac-4a16-b831-1df68863e61e,79.28168,3,7,3,2
13,Pointing,3_A.json,e2dc0c9a-3e6f-40a4-b8c5-7289c1efe296,28.5207138,1,1,1,1
13,Pointing,3_A.json,137e922c-0877-46af-a797-5a32df2edf5d,81.53101,3,6,3,3
13,Pointing,3_A.json,8aeed698-e7ee-41ef-bfe7-56f37e2232ab,97.68423,3,6,3,3
13,Pointing,3_A.json,7cbd6f03-54a0-426f-b4ea-d8e0ce58e276,40.26937,1,2,2,1
13,Pointing,3_A.json,2369c5c0-c4bb-4308-a9cd-05a64a69f91a,74.94768,2,9,6,2
13,Pointing,3_A.json,0ebd3226-6abe-4b54-8d2f-6c4c8adc1978,38.75392,2,3,2,2
13,Pointing,3_A.json,c87d383c-41db-4303-8615-9271bbf2465e,52.9181976,2,3,2,2
13,Pointing,3_A.json,eee4a904-a6ad-4369-970f-b656e1f59f12,41.66402,2,3,2,2
13,Pointing,3_A.json,f548cabb-2a47-4399-a702-f76d5d1336df,34.0765457,1,2,2,1
13,SR,1_B.json,1a84f2f7-1739-41af-94ae-9a3c6677e61d,62.6025162,1,3,3,2
13,SR,1_B.json,386be10f-0686-4118-928d-b57f06593b2f,152.570572,2,6,3,2
13,SR,1_B.json,b3a3afee-32b8-4986-b9e8-16227e2c7bd9,348.812225,4,4,1,1
13,SR,1_B.json,25c3ccdb-26c7-4109-bcfe-730434f9caa9,159.822174,2,4,2,1
13,SR,1_B.json,4fd86244-384f-4a69-adc8-6fd13c16422c,329.857849,5,8,3,3
13,SR,1_B.json,19e8d0a8-02bf-4644-9732-e4190e13825e,238.5165,4,11,4,2
13,SR,1_B.json,cd873fbb-fcc1-43bd-8f04-bb3b2d716af4,289.322876,1,6,6,2
13,SR,1_B.json,95479aa7-9c98-49e4-817e-727302518dae,199.344757,3,10,4,1
13,SR,1_B.json,2a7b8c63-3775-4bbf-8841-7976b4ccf32f,235.892532,2,8,5,2
13,SR,1_B.json,4f145d76-f69f-4547-90a7-56281733ca5b,45.52027,1,2,2,2
13,SR,1_B.json,fcee09b7-efa4-4e87-956e-553ee7bb3648,39.7584038,1,2,2,1
13,SR,1_B.json,9e93766e-b621-4d6e-9927-173ac982bf3a,84.12878,2,3,2,2
14,P+SR,2_A.json,eee4a904-a6ad-4369-970f-b656e1f59f12,100.597847,1,2,2,2
14,P+SR,2_A.json,fe0ef0b0-c647-4b3a-b2f6-68a75133a566,27.1963673,1,1,1,1
14,P+SR,2_A.json,f548cabb-2a47-4399-a702-f76d5d1336df,30.1190357,1,2,2,1
14,P+SR,2_A.json,81c1a60b-c8ac-4a16-b831-1df68863e61e,40.10807,1,1,1,2
14,P+SR,2_A.json,0ebd3226-6abe-4b54-8d2f-6c4c8adc1978,30.5592213,1,2,2,2
14,P+SR,2_A.json,d58fe3c1-28a0-4e49-9e2f-e72569f6e61e,170.529068,5,15,4,3
14,P+SR,2_A.json,e2dc0c9a-3e6f-40a4-b8c5-7289c1efe296,18.8341389,1,1,1,1
14,P+SR,2_A.json,c87d383c-41db-4303-8615-9271bbf2465e,55.9302864,2,4,2,2
14,P+SR,2_A.json,8aeed698-e7ee-41ef-bfe7-56f37e2232ab,34.063694,1,3,3,3
14,P+SR,2_A.json,137e922c-0877-46af-a797-5a32df2edf5d,71.0810547,3,6,3,3
14,P+SR,2_A.json,7cbd6f03-54a0-426f-b4ea-d8e0ce58e276,42.60386,2,4,2,1
14,P+SR,2_A.json,2369c5c0-c4bb-4308-a9cd-05a64a69f91a,36.47168,1,6,6,2
14,Label,4_C.json,4e23551b-4fd6-49d6-bc2b-c11836bf2a24,51.9151764,3,7,2,2
14,Label,4_C.json,b594ae95-d981-4868-ae48-3f63eb87087a,23.0088444,1,4,4,2
14,Label,4_C.json,3bc363f5-3c91-4c51-8139-93034b21f3a9,57.58491,3,3,1,1
14,Label,4_C.json,7612d934-759d-4a55-9a58-ef65940b7162,24.0278473,1,3,3,3
14,Label,4_C.json,fd995852-c28d-49e9-97b5-9774af3241c3,145.150848,4,19,7,3
14,Label,4_C.json,3d9e0045-08fb-4a50-b4e5-e4b24c3554c9,18.6438885,1,2,2,1
14,Label,4_C.json,1ff814e6-7f85-4e81-ad9f-9aababb20e6d,186.325256,9,21,4,2
14,Label,4_C.json,b0e9f035-c92f-4dc6-bd0a-a10b2941f902,14.0591888,1,1,1,1
14,Label,4_C.json,e0153245-d5d9-449a-87f1-2a35d3239eef,33.5753441,1,6,6,2
14,Label,4_C.json,e81806f6-a4f2-4336-b77b-3407e101bc18,34.432373,1,3,3,2
14,Label,4_C.json,ff4748e2-cd97-45bb-bf2c-e5c9c33f78ac,15.3291969,1,3,3,1
14,Label,4_C.json,04f5e376-2845-485a-8cb1-c38e3858ff8a,56.605587,2,9,7,2
14,Pointing,3_B.json,9e93766e-b621-4d6e-9927-173ac982bf3a,34.63483,2,3,2,2
14,Pointing,3_B.json,25c3ccdb-26c7-4109-bcfe-730434f9caa9,27.66438,1,2,2,1
14,Pointing,3_B.json,cd873fbb-fcc1-43bd-8f04-bb3b2d716af4,35.1823654,2,9,6,2
14,Pointing,3_B.json,95479aa7-9c98-49e4-817e-727302518dae,13.0519724,1,3,3,1
14,Pointing,3_B.json,b3a3afee-32b8-4986-b9e8-16227e2c7bd9,11.2460613,1,1,1,1
14,Pointing,3_B.json,386be10f-0686-4118-928d-b57f06593b2f,27.0212173,2,5,3,2
14,Pointing,3_B.json,4f145d76-f69f-4547-90a7-56281733ca5b,22.1702137,2,3,2,2
14,Pointing,3_B.json,2a7b8c63-3775-4bbf-8841-7976b4ccf32f,34.4443626,2,6,4,2
14,Pointing,3_B.json,4fd86244-384f-4a69-adc8-6fd13c16422c,48.4562721,4,8,3,3
14,Pointing,3_B.json,19e8d0a8-02bf-4644-9732-e4190e13825e,22.3042622,2,6,4,2
14,Pointing,3_B.json,fcee09b7-efa4-4e87-956e-553ee7bb3648,12.1850758,1,2,2,1
14,Pointing,3_B.json,1a84f2f7-1739-41af-94ae-9a3c6677e61d,17.38456,2,5,3,2
14,SR,1_D.json,2d0b42ad-6703-463c-81b3-4ee4d0c8b347,41.7676277,1,1,1,1
14,SR,1_D.json,bee10050-f98c-456a-a684-4435ee88ef00,66.66119,4,8,3,3
14,SR,1_D.json,c78550a2-290e-4b94-98db-961c2110c668,84.92883,6,17,4,2
14,SR,1_D.json,40573e58-0087-4bb3-9ed7-d18a24a35b78,147.7704,6,39,9,3
14,SR,1_D.json,b1e13b56-4030-40b3-a8c7-fbc4554e6c18,93.83972,5,13,4,2
14,SR,1_D.json,7aeefa77-f398-4a26-b615-e50c4d05ba64,70.22119,4,6,2,2
14,SR,1_D.json,09ff7f59-f6d6-4c54-9955-f1b4bfd11225,146.6066,10,24,3,1
14,SR,1_D.json,2e919b0d-6d84-4641-a535-930a7ca6c8b7,50.1559563,3,6,3,3
14,SR,1_D.json,79dc7e7b-d1c7-4237-908d-f541b20406d4,18.046587,1,1,1,1
14,SR,1_D.json,ae59cd40-20ff-4809-8cbb-87c7cc41665c,82.49326,3,7,4,2
14,SR,1_D.json,fdf65cab-a9a0-4e5f-ac35-c3cff2196644,40.8471146,2,9,5,1
14,SR,1_D.json,5dde3eac-8ee6-4821-99d4-f6e4ae5f7bd2,94.18043,3,8,3,2
15,Label,4_A.json,d58fe3c1-28a0-4e49-9e2f-e72569f6e61e,101.794876,3,8,4,3
15,Label,4_A.json,2369c5c0-c4bb-4308-a9cd-05a64a69f91a,54.9567,2,9,6,2
15,Label,4_A.json,e2dc0c9a-3e6f-40a4-b8c5-7289c1efe296,36.4262924,1,1,1,1
15,Label,4_A.json,137e922c-0877-46af-a797-5a32df2edf5d,73.21655,1,3,3,3
15,Label,4_A.json,c87d383c-41db-4303-8615-9271bbf2465e,231.0661,5,9,3,2
15,Label,4_A.json,fe0ef0b0-c647-4b3a-b2f6-68a75133a566,54.66474,2,1,1,1
15,Label,4_A.json,8aeed698-e7ee-41ef-bfe7-56f37e2232ab,107.794342,2,6,3,3
15,Label,4_A.json,81c1a60b-c8ac-4a16-b831-1df68863e61e,210.319824,5,11,3,2
15,Label,4_A.json,eee4a904-a6ad-4369-970f-b656e1f59f12,35.3296738,2,3,2,2
15,Label,4_A.json,7cbd6f03-54a0-426f-b4ea-d8e0ce58e276,36.9074135,1,2,2,1
15,Label,4_A.json,0ebd3226-6abe-4b54-8d2f-6c4c8adc1978,38.4843559,2,3,2,2
15,Label,4_A.json,f548cabb-2a47-4399-a702-f76d5d1336df,42.76436,1,2,2,1
15,Pointing,3_B.json,386be10f-0686-4118-928d-b57f06593b2f,40.4982529,2,5,3,2
15,Pointing,3_B.json,1a84f2f7-1739-41af-94ae-9a3c6677e61d,58.2404976,2,5,3,2
15,Pointing,3_B.json,4f145d76-f69f-4547-90a7-56281733ca5b,33.7529144,2,3,2,2
15,Pointing,3_B.json,19e8d0a8-02bf-4644-9732-e4190e13825e,54.7795258,2,6,4,2
15,Pointing,3_B.json,2a7b8c63-3775-4bbf-8841-7976b4ccf32f,88.67832,2,6,4,2
15,Pointing,3_B.json,25c3ccdb-26c7-4109-bcfe-730434f9caa9,36.365,1,2,2,1
15,Pointing,3_B.json,4fd86244-384f-4a69-adc8-6fd13c16422c,75.0622559,3,6,3,3
15,Pointing,3_B.json,95479aa7-9c98-49e4-817e-727302518dae,23.9037685,1,3,3,1
15,Pointing,3_B.json,9e93766e-b621-4d6e-9927-173ac982bf3a,52.6742744,2,3,2,2
15,Pointing,3_B.json,fcee09b7-efa4-4e87-956e-553ee7bb3648,33.8819466,1,2,2,1
15,Pointing,3_B.json,b3a3afee-32b8-4986-b9e8-16227e2c7bd9,32.624794,1,1,1,1
15,Pointing,3_B.json,cd873fbb-fcc1-43bd-8f04-bb3b2d716af4,103.523079,4,27,9,2
15,SR,1_D.json,2d0b42ad-6703-463c-81b3-4ee4d0c8b347,62.1045876,1,1,1,1
15,SR,1_D.json,bee10050-f98c-456a-a684-4435ee88ef00,84.9104156,3,6,3,3
15,SR,1_D.json,c78550a2-290e-4b94-98db-961c2110c668,76.4325943,3,11,5,2
15,SR,1_D.json,40573e58-0087-4bb3-9ed7-d18a24a35b78,93.36344,3,21,9,3
15,SR,1_D.json,b1e13b56-4030-40b3-a8c7-fbc4554e6c18,93.74013,5,19,5,2
15,SR,1_D.json,7aeefa77-f398-4a26-b615-e50c4d05ba64,35.11437,2,3,2,2
15,SR,1_D.json,09ff7f59-f6d6-4c54-9955-f1b4bfd11225,54.5577278,2,7,4,1
15,SR,1_D.json,2e919b0d-6d84-4641-a535-930a7ca6c8b7,63.8292465,2,5,3,3
15,SR,1_D.json,79dc7e7b-d1c7-4237-908d-f541b20406d4,44.2445641,1,1,1,1
15,SR,1_D.json,ae59cd40-20ff-4809-8cbb-87c7cc41665c,95.40666,1,4,4,2
15,SR,1_D.json,fdf65cab-a9a0-4e5f-ac35-c3cff2196644,214.670685,4,17,6,1
15,SR,1_D.json,5dde3eac-8ee6-4821-99d4-f6e4ae5f7bd2,106.917648,2,4,2,2
15,P+SR,2_C.json,3d9e0045-08fb-4a50-b4e5-e4b24c3554c9,58.4215164,1,2,2,1
15,P+SR,2_C.json,04f5e376-2845-485a-8cb1-c38e3858ff8a,54.13763,2,6,4,2
15,P+SR,2_C.json,1ff814e6-7f85-4e81-ad9f-9aababb20e6d,43.1731758,1,4,4,2
15,P+SR,2_C.json,e81806f6-a4f2-4336-b77b-3407e101bc18,25.9351,1,3,3,2
15,P+SR,2_C.json,b0e9f035-c92f-4dc6-bd0a-a10b2941f902,18.7584038,1,1,1,1
15,P+SR,2_C.json,b594ae95-d981-4868-ae48-3f63eb87087a,45.53672,2,8,4,2
15,P+SR,2_C.json,e0153245-d5d9-449a-87f1-2a35d3239eef,69.55942,2,12,6,2
15,P+SR,2_C.json,7612d934-759d-4a55-9a58-ef65940b7162,27.4590836,1,3,3,3
15,P+SR,2_C.json,4e23551b-4fd6-49d6-bc2b-c11836bf2a24,48.7723045,1,2,2,2
15,P+SR,2_C.json,ff4748e2-cd97-45bb-bf2c-e5c9c33f78ac,30.6584835,1,3,3,1
15,P+SR,2_C.json,fd995852-c28d-49e9-97b5-9774af3241c3,124.545082,4,15,6,3
15,P+SR,2_C.json,3bc363f5-3c91-4c51-8139-93034b21f3a9,15.7856884,1,1,1,1
16,Label,4_C.json,4e23551b-4fd6-49d6-bc2b-c11836bf2a24,162.297012,4,9,2,2
16,Label,4_C.json,e0153245-d5d9-449a-87f1-2a35d3239eef,43.8471069,1,6,6,2
16,Label,4_C.json,ff4748e2-cd97-45bb-bf2c-e5c9c33f78ac,40.8077164,2,6,3,1
16,Label,4_C.json,3bc363f5-3c91-4c51-8139-93034b21f3a9,36.0058632,2,2,1,1
16,Label,4_C.json,fd995852-c28d-49e9-97b5-9774af3241c3,62.8900337,2,9,6,3
16,Label,4_C.json,04f5e376-2845-485a-8cb1-c38e3858ff8a,32.9108353,1,4,4,2
16,Label,4_C.json,7612d934-759d-4a55-9a58-ef65940b7162,41.76491,1,3,3,3
16,Label,4_C.json,b594ae95-d981-4868-ae48-3f63eb87087a,30.3338718,1,4,4,2
16,Label,4_C.json,b0e9f035-c92f-4dc6-bd0a-a10b2941f902,16.7100754,1,1,1,1
16,Label,4_C.json,1ff814e6-7f85-4e81-ad9f-9aababb20e6d,63.35493,2,6,4,2
16,Label,4_C.json,e81806f6-a4f2-4336-b77b-3407e101bc18,56.23428,5,13,3,2
16,Label,4_C.json,3d9e0045-08fb-4a50-b4e5-e4b24c3554c9,18.6577644,1,2,2,1
16,P+SR,2_D.json,5dde3eac-8ee6-4821-99d4-f6e4ae5f7bd2,38.7940025,2,3,2,2
16,P+SR,2_D.json,b1e13b56-4030-40b3-a8c7-fbc4554e6c18,24.2745552,1,4,4,2
16,P+SR,2_D.json,fdf65cab-a9a0-4e5f-ac35-c3cff2196644,20.4905243,1,4,4,1
16,P+SR,2_D.json,09ff7f59-f6d6-4c54-9955-f1b4bfd11225,16.8637257,1,3,3,1
16,P+SR,2_D.json,c78550a2-290e-4b94-98db-961c2110c668,22.0253334,1,4,4,2
16,P+SR,2_D.json,2d0b42ad-6703-463c-81b3-4ee4d0c8b347,17.6236839,1,1,1,1
16,P+SR,2_D.json,2e919b0d-6d84-4641-a535-930a7ca6c8b7,27.18477,1,3,3,3
16,P+SR,2_D.json,40573e58-0087-4bb3-9ed7-d18a24a35b78,38.9160423,1,9,9,3
16,P+SR,2_D.json,79dc7e7b-d1c7-4237-908d-f541b20406d4,17.232399,1,1,1,1
16,P+SR,2_D.json,ae59cd40-20ff-4809-8cbb-87c7cc41665c,31.6227131,3,12,5,2
16,P+SR,2_D.json,7aeefa77-f398-4a26-b615-e50c4d05ba64,20.5153828,1,2,2,2
16,P+SR,2_D.json,bee10050-f98c-456a-a684-4435ee88ef00,33.69356,1,3,3,3
16,Pointing,3_A.json,eee4a904-a6ad-4369-970f-b656e1f59f12,23.064764,2,3,2,2
16,Pointing,3_A.json,8aeed698-e7ee-41ef-bfe7-56f37e2232ab,35.9795952,2,3,3,3
16,Pointing,3_A.json,7cbd6f03-54a0-426f-b4ea-d8e0ce58e276,27.3171158,1,2,2,1
16,Pointing,3_A.json,f548cabb-2a47-4399-a702-f76d5d1336df,16.1437168,1,2,2,1
16,Pointing,3_A.json,0ebd3226-6abe-4b54-8d2f-6c4c8adc1978,78.08971,3,5,2,2
16,Pointing,3_A.json,2369c5c0-c4bb-4308-a9cd-05a64a69f91a,25.2518711,2,9,6,2
16,Pointing,3_A.json,81c1a60b-c8ac-4a16-b831-1df68863e61e,28.0042229,2,5,3,2
16,Pointing,3_A.json,fe0ef0b0-c647-4b3a-b2f6-68a75133a566,9.733307,1,1,1,1
16,Pointing,3_A.json,c87d383c-41db-4303-8615-9271bbf2465e,18.7358952,2,3,2,2
16,Pointing,3_A.json,e2dc0c9a-3e6f-40a4-b8c5-7289c1efe296,10.4267578,1,1,1,1
16,Pointing,3_A.json,137e922c-0877-46af-a797-5a32df2edf5d,20.7550144,1,3,3,3
16,Pointing,3_A.json,d58fe3c1-28a0-4e49-9e2f-e72569f6e61e,27.658926,2,6,4,3
16,SR,1_B.json,1a84f2f7-1739-41af-94ae-9a3c6677e61d,43.43072,1,3,3,2
16,SR,1_B.json,386be10f-0686-4118-928d-b57f06593b2f,101.21534,3,9,3,2
16,SR,1_B.json,b3a3afee-32b8-4986-b9e8-16227e2c7bd9,64.05571,2,4,1,1
16,SR,1_B.json,25c3ccdb-26c7-4109-bcfe-730434f9caa9,75.12087,3,6,1,1
16,SR,1_B.json,4fd86244-384f-4a69-adc8-6fd13c16422c,52.22247,1,3,3,3
16,SR,1_B.json,19e8d0a8-02bf-4644-9732-e4190e13825e,100.353882,3,12,4,2
16,SR,1_B.json,cd873fbb-fcc1-43bd-8f04-bb3b2d716af4,122.756218,2,9,6,2
16,SR,1_B.json,95479aa7-9c98-49e4-817e-727302518dae,56.3820953,2,5,3,1
16,SR,1_B.json,2a7b8c63-3775-4bbf-8841-7976b4ccf32f,77.92591,2,4,2,2
16,SR,1_B.json,4f145d76-f69f-4547-90a7-56281733ca5b,22.8722515,1,2,2,2
16,SR,1_B.json,fcee09b7-efa4-4e87-956e-553ee7bb3648,27.7737789,2,2,2,1
16,SR,1_B.json,9e93766e-b621-4d6e-9927-173ac982bf3a,80.3048859,4,11,2,2
17,Label,4_A.json,137e922c-0877-46af-a797-5a32df2edf5d,108.911072,5,15,5,3
17,Label,4_A.json,e2dc0c9a-3e6f-40a4-b8c5-7289c1efe296,24.4484386,1,1,1,1
17,Label,4_A.json,7cbd6f03-54a0-426f-b4ea-d8e0ce58e276,39.0879555,2,3,2,1
17,Label,4_A.json,2369c5c0-c4bb-4308-a9cd-05a64a69f91a,82.6722641,2,9,6,2
17,Label,4_A.json,8aeed698-e7ee-41ef-bfe7-56f37e2232ab,56.9496956,3,6,3,3
17,Label,4_A.json,fe0ef0b0-c647-4b3a-b2f6-68a75133a566,16.53899,1,1,1,1
17,Label,4_A.json,0ebd3226-6abe-4b54-8d2f-6c4c8adc1978,53.8474541,3,4,2,2
17,Label,4_A.json,eee4a904-a6ad-4369-970f-b656e1f59f12,78.3739853,4,8,3,2
17,Label,4_A.json,d58fe3c1-28a0-4e49-9e2f-e72569f6e61e,137.143173,6,24,4,3
17,Label,4_A.json,f548cabb-2a47-4399-a702-f76d5d1336df,24.3070927,1,2,2,1
17,Label,4_A.json,c87d383c-41db-4303-8615-9271bbf2465e,57.040596,3,4,2,2
17,Label,4_A.json,81c1a60b-c8ac-4a16-b831-1df68863e61e,36.46552,2,5,3,2
17,Pointing,3_B.json,19e8d0a8-02bf-4644-9732-e4190e13825e,23.1954689,2,6,4,2
17,Pointing,3_B.json,4f145d76-f69f-4547-90a7-56281733ca5b,30.7120285,2,3,2,2
17,Pointing,3_B.json,fcee09b7-efa4-4e87-956e-553ee7bb3648,20.65541,1,2,2,1
17,Pointing,3_B.json,1a84f2f7-1739-41af-94ae-9a3c6677e61d,28.5390129,2,5,3,2
17,Pointing,3_B.json,4fd86244-384f-4a69-adc8-6fd13c16422c,60.6389427,3,6,3,3
17,Pointing,3_B.json,25c3ccdb-26c7-4109-bcfe-730434f9caa9,24.3710785,1,2,2,1
17,Pointing,3_B.json,b3a3afee-32b8-4986-b9e8-16227e2c7bd9,20.6106949,1,1,1,1
17,Pointing,3_B.json,9e93766e-b621-4d6e-9927-173ac982bf3a,26.0680313,2,3,2,2
17,Pointing,3_B.json,386be10f-0686-4118-928d-b57f06593b2f,31.7063084,2,5,3,2
17,Pointing,3_B.json,cd873fbb-fcc1-43bd-8f04-bb3b2d716af4,31.079464,2,9,6,2
17,Pointing,3_B.json,2a7b8c63-3775-4bbf-8841-7976b4ccf32f,48.44705,2,6,4,2
17,Pointing,3_B.json,95479aa7-9c98-49e4-817e-727302518dae,35.34518,2,6,3,1
17,SR,1_D.json,2d0b42ad-6703-463c-81b3-4ee4d0c8b347,166.173462,1,1,1,1
17,SR,1_D.json,bee10050-f98c-456a-a684-4435ee88ef00,149.0461,4,13,4,3
17,SR,1_D.json,c78550a2-290e-4b94-98db-961c2110c668,154.007019,5,26,5,2
17,SR,1_D.json,40573e58-0087-4bb3-9ed7-d18a24a35b78,65.9169,3,21,10,3
17,SR,1_D.json,b1e13b56-4030-40b3-a8c7-fbc4554e6c18,90.4522858,2,7,5,2
17,SR,1_D.json,7aeefa77-f398-4a26-b615-e50c4d05ba64,39.50789,2,3,2,2
17,SR,1_D.json,09ff7f59-f6d6-4c54-9955-f1b4bfd11225,44.1491547,2,3,2,1
17,SR,1_D.json,2e919b0d-6d84-4641-a535-930a7ca6c8b7,52.086422,2,5,3,3
17,SR,1_D.json,79dc7e7b-d1c7-4237-908d-f541b20406d4,15.457756,1,1,1,1
17,SR,1_D.json,ae59cd40-20ff-4809-8cbb-87c7cc41665c,50.1966248,2,4,3,2
17,SR,1_D.json,fdf65cab-a9a0-4e5f-ac35-c3cff2196644,153.493347,6,80,19,1
17,SR,1_D.json,5dde3eac-8ee6-4821-99d4-f6e4ae5f7bd2,32.5593834,2,3,2,2
17,P+SR,2_C.json,e81806f6-a4f2-4336-b77b-3407e101bc18,36.78532,1,3,3,2
17,P+SR,2_C.json,1ff814e6-7f85-4e81-ad9f-9aababb20e6d,34.111412,1,4,4,2
17,P+SR,2_C.json,ff4748e2-cd97-45bb-bf2c-e5c9c33f78ac,45.0074425,1,3,3,1
17,P+SR,2_C.json,04f5e376-2845-485a-8cb1-c38e3858ff8a,81.0529861,3,10,4,2
17,P+SR,2_C.json,e0153245-d5d9-449a-87f1-2a35d3239eef,35.0294228,2,9,6,2
17,P+SR,2_C.json,b594ae95-d981-4868-ae48-3f63eb87087a,28.0486374,2,6,4,2
17,P+SR,2_C.json,fd995852-c28d-49e9-97b5-9774af3241c3,72.03067,4,15,6,3
17,P+SR,2_C.json,4e23551b-4fd6-49d6-bc2b-c11836bf2a24,25.3824787,1,2,2,2
17,P+SR,2_C.json,3d9e0045-08fb-4a50-b4e5-e4b24c3554c9,20.8952045,1,2,2,1
17,P+SR,2_C.json,3bc363f5-3c91-4c51-8139-93034b21f3a9,18.55819,1,1,1,1
17,P+SR,2_C.json,b0e9f035-c92f-4dc6-bd0a-a10b2941f902,16.1626282,1,1,1,1
17,P+SR,2_C.json,7612d934-759d-4a55-9a58-ef65940b7162,23.7822552,1,2,2,3
18,Label,4_D.json,79dc7e7b-d1c7-4237-908d-f541b20406d4,25.81032,1,1,1,1
18,Label,4_D.json,fdf65cab-a9a0-4e5f-ac35-c3cff2196644,39.2420044,1,4,4,1
18,Label,4_D.json,b1e13b56-4030-40b3-a8c7-fbc4554e6c18,57.9883537,2,6,4,2
18,Label,4_D.json,2d0b42ad-6703-463c-81b3-4ee4d0c8b347,31.70667,1,1,1,1
18,Label,4_D.json,09ff7f59-f6d6-4c54-9955-f1b4bfd11225,27.423542,1,3,3,1
18,Label,4_D.json,7aeefa77-f398-4a26-b615-e50c4d05ba64,29.8957043,2,3,2,2
18,Label,4_D.json,2e919b0d-6d84-4641-a535-930a7ca6c8b7,48.5591431,1,3,3,3
18,Label,4_D.json,c78550a2-290e-4b94-98db-961c2110c668,61.73678,3,7,3,2
18,Label,4_D.json,ae59cd40-20ff-4809-8cbb-87c7cc41665c,46.456852,2,6,4,2
18,Label,4_D.json,40573e58-0087-4bb3-9ed7-d18a24a35b78,90.63511,3,17,9,3
18,Label,4_D.json,5dde3eac-8ee6-4821-99d4-f6e4ae5f7bd2,22.9655838,2,3,2,2
18,Label,4_D.json,bee10050-f98c-456a-a684-4435ee88ef00,45.1313553,3,6,3,3
18,P+SR,2_B.json,2a7b8c63-3775-4bbf-8841-7976b4ccf32f,150.066437,3,12,4,2
18,P+SR,2_B.json,fcee09b7-efa4-4e87-956e-553ee7bb3648,36.0570831,1,2,2,1
18,P+SR,2_B.json,4fd86244-384f-4a69-adc8-6fd13c16422c,163.714355,3,10,3,3
18,P+SR,2_B.json,1a84f2f7-1739-41af-94ae-9a3c6677e61d,27.4667988,1,3,3,2
18,P+SR,2_B.json,cd873fbb-fcc1-43bd-8f04-bb3b2d716af4,48.7204,1,6,6,2
18,P+SR,2_B.json,19e8d0a8-02bf-4644-9732-e4190e13825e,34.7461777,1,4,4,2
18,P+SR,2_B.json,95479aa7-9c98-49e4-817e-727302518dae,20.2457047,1,3,3,1
18,P+SR,2_B.json,b3a3afee-32b8-4986-b9e8-16227e2c7bd9,21.2558689,1,1,1,1
18,P+SR,2_B.json,4f145d76-f69f-4547-90a7-56281733ca5b,23.5408859,1,2,2,2
18,P+SR,2_B.json,25c3ccdb-26c7-4109-bcfe-730434f9caa9,21.42419,1,2,2,1
18,P+SR,2_B.json,9e93766e-b621-4d6e-9927-173ac982bf3a,25.58493,1,2,2,2
18,P+SR,2_B.json,386be10f-0686-4118-928d-b57f06593b2f,30.6735058,1,3,3,2
18,SR,1_C.json,04f5e376-2845-485a-8cb1-c38e3858ff8a,77.21658,2,4,2,2
18,SR,1_C.json,3d9e0045-08fb-4a50-b4e5-e4b24c3554c9,17.5218487,1,2,2,1
18,SR,1_C.json,fd995852-c28d-49e9-97b5-9774af3241c3,64.06646,1,4,4,3
18,SR,1_C.json,b594ae95-d981-4868-ae48-3f63eb87087a,56.27057,2,6,4,2
18,SR,1_C.json,e0153245-d5d9-449a-87f1-2a35d3239eef,121.76062,5,14,5,2
18,SR,1_C.json,e81806f6-a4f2-4336-b77b-3407e101bc18,46.3797836,1,3,3,2
18,SR,1_C.json,3bc363f5-3c91-4c51-8139-93034b21f3a9,53.1533432,3,2,1,1
18,SR,1_C.json,7612d934-759d-4a55-9a58-ef65940b7162,57.8046265,1,1,1,3
18,SR,1_C.json,b0e9f035-c92f-4dc6-bd0a-a10b2941f902,28.973278,1,1,1,1
18,SR,1_C.json,1ff814e6-7f85-4e81-ad9f-9aababb20e6d,129.254013,2,8,4,2
18,SR,1_C.json,ff4748e2-cd97-45bb-bf2c-e5c9c33f78ac,36.0050964,1,3,3,1
18,SR,1_C.json,4e23551b-4fd6-49d6-bc2b-c11836bf2a24,40.1847,1,1,1,2
18,Pointing,3_A.json,c87d383c-41db-4303-8615-9271bbf2465e,48.3298836,2,3,2,2
18,Pointing,3_A.json,7cbd6f03-54a0-426f-b4ea-d8e0ce58e276,25.819418,1,2,2,1
18,Pointing,3_A.json,8aeed698-e7ee-41ef-bfe7-56f37e2232ab,39.4130249,2,5,3,3
18,Pointing,3_A.json,2369c5c0-c4bb-4308-a9cd-05a64a69f91a,28.3518047,2,9,6,2
18,Pointing,3_A.json,f548cabb-2a47-4399-a702-f76d5d1336df,19.8995781,1,2,2,1
18,Pointing,3_A.json,137e922c-0877-46af-a797-5a32df2edf5d,36.62826,3,6,3,3
18,Pointing,3_A.json,81c1a60b-c8ac-4a16-b831-1df68863e61e,25.06886,2,5,3,2
18,Pointing,3_A.json,0ebd3226-6abe-4b54-8d2f-6c4c8adc1978,30.17158,2,3,2,2
18,Pointing,3_A.json,e2dc0c9a-3e6f-40a4-b8c5-7289c1efe296,14.3360119,1,1,1,1
18,Pointing,3_A.json,fe0ef0b0-c647-4b3a-b2f6-68a75133a566,12.839757,1,1,1,1
18,Pointing,3_A.json,eee4a904-a6ad-4369-970f-b656e1f59f12,24.967514,2,3,2,2
18,Pointing,3_A.json,d58fe3c1-28a0-4e49-9e2f-e72569f6e61e,24.3861275,3,6,3,3
19,P+SR,2_D.json,40573e58-0087-4bb3-9ed7-d18a24a35b78,37.44654,1,9,9,3
19,P+SR,2_D.json,79dc7e7b-d1c7-4237-908d-f541b20406d4,20.4996357,1,1,1,1
19,P+SR,2_D.json,ae59cd40-20ff-4809-8cbb-87c7cc41665c,88.34034,3,10,4,2
19,P+SR,2_D.json,5dde3eac-8ee6-4821-99d4-f6e4ae5f7bd2,29.7903328,1,2,2,2
19,P+SR,2_D.json,fdf65cab-a9a0-4e5f-ac35-c3cff2196644,18.35279,1,4,4,1
19,P+SR,2_D.json,c78550a2-290e-4b94-98db-961c2110c668,24.3312778,1,4,4,2
19,P+SR,2_D.json,bee10050-f98c-456a-a684-4435ee88ef00,75.97795,3,9,3,3
19,P+SR,2_D.json,09ff7f59-f6d6-4c54-9955-f1b4bfd11225,19.0510082,1,3,3,1
19,P+SR,2_D.json,7aeefa77-f398-4a26-b615-e50c4d05ba64,18.7589931,1,2,2,2
19,P+SR,2_D.json,2d0b42ad-6703-463c-81b3-4ee4d0c8b347,22.5819454,1,1,1,1
19,P+SR,2_D.json,b1e13b56-4030-40b3-a8c7-fbc4554e6c18,21.0292377,1,4,4,2
19,P+SR,2_D.json,2e919b0d-6d84-4641-a535-930a7ca6c8b7,41.5149651,2,6,3,3
19,Pointing,3_C.json,b594ae95-d981-4868-ae48-3f63eb87087a,151.006317,3,8,4,2
19,Pointing,3_C.json,b0e9f035-c92f-4dc6-bd0a-a10b2941f902,39.6850166,2,3,1,1
19,Pointing,3_C.json,1ff814e6-7f85-4e81-ad9f-9aababb20e6d,56.8727722,2,6,4,2
19,Pointing,3_C.json,4e23551b-4fd6-49d6-bc2b-c11836bf2a24,34.34543,2,3,2,2
19,Pointing,3_C.json,ff4748e2-cd97-45bb-bf2c-e5c9c33f78ac,23.1622257,1,3,3,1
19,Pointing,3_C.json,fd995852-c28d-49e9-97b5-9774af3241c3,36.23593,3,12,6,3
19,Pointing,3_C.json,3d9e0045-08fb-4a50-b4e5-e4b24c3554c9,26.8729439,1,2,2,1
19,Pointing,3_C.json,3bc363f5-3c91-4c51-8139-93034b21f3a9,18.6763344,1,1,1,1
19,Pointing,3_C.json,e81806f6-a4f2-4336-b77b-3407e101bc18,24.3476238,2,5,3,2
19,Pointing,3_C.json,04f5e376-2845-485a-8cb1-c38e3858ff8a,27.6735039,2,6,4,2
19,Pointing,3_C.json,e0153245-d5d9-449a-87f1-2a35d3239eef,29.6682682,2,9,6,2
19,Pointing,3_C.json,7612d934-759d-4a55-9a58-ef65940b7162,44.6581726,3,6,3,3
19,Label,4_B.json,25c3ccdb-26c7-4109-bcfe-730434f9caa9,49.69146,1,2,2,1
19,Label,4_B.json,2a7b8c63-3775-4bbf-8841-7976b4ccf32f,141.078934,5,14,5,2
19,Label,4_B.json,4f145d76-f69f-4547-90a7-56281733ca5b,51.6460533,3,6,3,2
19,Label,4_B.json,9e93766e-b621-4d6e-9927-173ac982bf3a,41.79754,2,3,2,2
19,Label,4_B.json,fcee09b7-efa4-4e87-956e-553ee7bb3648,22.3936825,1,2,2,1
19,Label,4_B.json,b3a3afee-32b8-4986-b9e8-16227e2c7bd9,48.1427155,1,1,1,1
19,Label,4_B.json,386be10f-0686-4118-928d-b57f06593b2f,76.52255,2,5,3,2
19,Label,4_B.json,cd873fbb-fcc1-43bd-8f04-bb3b2d716af4,64.88897,2,9,6,2
19,Label,4_B.json,19e8d0a8-02bf-4644-9732-e4190e13825e,31.22431,2,6,4,2
19,Label,4_B.json,1a84f2f7-1739-41af-94ae-9a3c6677e61d,45.5782623,2,5,3,2
19,Label,4_B.json,4fd86244-384f-4a69-adc8-6fd13c16422c,94.27893,6,7,3,3
19,Label,4_B.json,95479aa7-9c98-49e4-817e-727302518dae,28.8399029,1,3,3,1
19,SR,1_A.json,2369c5c0-c4bb-4308-a9cd-05a64a69f91a,132.3345,7,35,6,2
19,SR,1_A.json,d58fe3c1-28a0-4e49-9e2f-e72569f6e61e,90.9160843,5,14,4,3
19,SR,1_A.json,0ebd3226-6abe-4b54-8d2f-6c4c8adc1978,30.1016312,2,3,2,2
19,SR,1_A.json,fe0ef0b0-c647-4b3a-b2f6-68a75133a566,37.68495,2,2,1,1
19,SR,1_A.json,8aeed698-e7ee-41ef-bfe7-56f37e2232ab,114.601555,5,8,0,3
19,SR,1_A.json,137e922c-0877-46af-a797-5a32df2edf5d,48.0485458,3,6,3,3
19,SR,1_A.json,f548cabb-2a47-4399-a702-f76d5d1336df,27.3030472,2,3,2,1
19,SR,1_A.json,81c1a60b-c8ac-4a16-b831-1df68863e61e,59.2595329,4,8,3,2
19,SR,1_A.json,c87d383c-41db-4303-8615-9271bbf2465e,36.1443748,2,3,2,2
19,SR,1_A.json,e2dc0c9a-3e6f-40a4-b8c5-7289c1efe296,17.1862411,1,1,1,1
19,SR,1_A.json,7cbd6f03-54a0-426f-b4ea-d8e0ce58e276,30.1586056,2,3,2,1
19,SR,1_A.json,eee4a904-a6ad-4369-970f-b656e1f59f12,35.6369,2,3,2,2
2,Pointing,3_C.json,e81806f6-a4f2-4336-b77b-3407e101bc18,84.83519,2,5,3,2
2,Pointing,3_C.json,4e23551b-4fd6-49d6-bc2b-c11836bf2a24,28.16208,2,3,2,2
2,Pointing,3_C.json,b594ae95-d981-4868-ae48-3f63eb87087a,17.8924332,2,6,4,2
2,Pointing,3_C.json,7612d934-759d-4a55-9a58-ef65940b7162,24.64055,3,6,3,3
2,Pointing,3_C.json,3bc363f5-3c91-4c51-8139-93034b21f3a9,19.31864,1,1,1,1
2,Pointing,3_C.json,ff4748e2-cd97-45bb-bf2c-e5c9c33f78ac,15.1167164,1,3,3,1
2,Pointing,3_C.json,fd995852-c28d-49e9-97b5-9774af3241c3,19.16372,2,6,4,3
2,Pointing,3_C.json,04f5e376-2845-485a-8cb1-c38e3858ff8a,18.2484684,2,6,4,2
2,Pointing,3_C.json,b0e9f035-c92f-4dc6-bd0a-a10b2941f902,15.8882074,1,1,1,1
2,Pointing,3_C.json,3d9e0045-08fb-4a50-b4e5-e4b24c3554c9,10.0020771,1,2,2,1
2,Pointing,3_C.json,e0153245-d5d9-449a-87f1-2a35d3239eef,22.3029442,2,9,6,2
2,Pointing,3_C.json,1ff814e6-7f85-4e81-ad9f-9aababb20e6d,23.073761,2,6,4,2
2,P+SR,2_B.json,19e8d0a8-02bf-4644-9732-e4190e13825e,66.81898,2,6,4,2
2,P+SR,2_B.json,9e93766e-b621-4d6e-9927-173ac982bf3a,28.646389,2,3,2,2
2,P+SR,2_B.json,25c3ccdb-26c7-4109-bcfe-730434f9caa9,18.54695,1,2,2,1
2,P+SR,2_B.json,95479aa7-9c98-49e4-817e-727302518dae,22.4913311,1,3,3,1
2,P+SR,2_B.json,cd873fbb-fcc1-43bd-8f04-bb3b2d716af4,24.480484,2,9,6,2
2,P+SR,2_B.json,fcee09b7-efa4-4e87-956e-553ee7bb3648,16.9749928,1,2,2,1
2,P+SR,2_B.json,b3a3afee-32b8-4986-b9e8-16227e2c7bd9,17.3326511,1,1,1,1
2,P+SR,2_B.json,1a84f2f7-1739-41af-94ae-9a3c6677e61d,21.0295582,2,5,3,2
2,P+SR,2_B.json,2a7b8c63-3775-4bbf-8841-7976b4ccf32f,85.640564,2,8,4,2
2,P+SR,2_B.json,386be10f-0686-4118-928d-b57f06593b2f,41.818264,2,6,3,2
2,P+SR,2_B.json,4fd86244-384f-4a69-adc8-6fd13c16422c,23.791811,1,3,3,3
2,P+SR,2_B.json,4f145d76-f69f-4547-90a7-56281733ca5b,30.2947025,1,2,2,2
2,SR,1_A.json,b3a3afee-32b8-4986-b9e8-16227e2c7bd9,27.3179588,1,1,1,1
2,SR,1_A.json,25c3ccdb-26c7-4109-bcfe-730434f9caa9,48.4848251,1,2,2,1
2,SR,1_A.json,4fd86244-384f-4a69-adc8-6fd13c16422c,80.73124,1,3,3,3
2,SR,1_A.json,19e8d0a8-02bf-4644-9732-e4190e13825e,383.4393,6,29,6,2
2,SR,1_A.json,cd873fbb-fcc1-43bd-8f04-bb3b2d716af4,87.16522,3,24,9,2
2,SR,1_A.json,95479aa7-9c98-49e4-817e-727302518dae,74.02878,2,7,4,1
2,SR,1_A.json,2a7b8c63-3775-4bbf-8841-7976b4ccf32f,89.39172,3,12,4,2
2,SR,1_A.json,4f145d76-f69f-4547-90a7-56281733ca5b,37.80722,2,3,2,2
2,SR,1_A.json,fcee09b7-efa4-4e87-956e-553ee7bb3648,27.8408546,1,2,2,1
2,SR,1_A.json,9e93766e-b621-4d6e-9927-173ac982bf3a,42.1047173,2,3,2,2
2,SR,1_A.json,2369c5c0-c4bb-4308-a9cd-05a64a69f91a,53.813324,4,22,6,2
2,SR,1_A.json,d58fe3c1-28a0-4e49-9e2f-e72569f6e61e,89.54372,1,4,4,3
20,Label,4_D.json,b1e13b56-4030-40b3-a8c7-fbc4554e6c18,209.949417,2,5,3,2
20,Label,4_D.json,09ff7f59-f6d6-4c54-9955-f1b4bfd11225,86.89749,1,3,3,1
20,Label,4_D.json,40573e58-0087-4bb3-9ed7-d18a24a35b78,213.737366,3,12,6,3
20,Label,4_D.json,79dc7e7b-d1c7-4237-908d-f541b20406d4,43.78626,1,1,1,1
20,Label,4_D.json,5dde3eac-8ee6-4821-99d4-f6e4ae5f7bd2,267.3642,5,13,3,2
20,Label,4_D.json,7aeefa77-f398-4a26-b615-e50c4d05ba64,21.3564014,1,1,1,2
20,Label,4_D.json,2d0b42ad-6703-463c-81b3-4ee4d0c8b347,115.142349,2,3,2,1
20,Label,4_D.json,bee10050-f98c-456a-a684-4435ee88ef00,185.4794,6,8,5,3
20,Label,4_D.json,ae59cd40-20ff-4809-8cbb-87c7cc41665c,84.9378738,2,7,4,2
20,Label,4_D.json,fdf65cab-a9a0-4e5f-ac35-c3cff2196644,77.37581,2,7,4,1
20,Label,4_D.json,2e919b0d-6d84-4641-a535-930a7ca6c8b7,93.53472,2,6,3,3
20,Label,4_D.json,c78550a2-290e-4b94-98db-961c2110c668,81.45011,2,6,4,2
20,P+SR,2_A.json,8aeed698-e7ee-41ef-bfe7-56f37e2232ab,50.41014,1,3,3,3
20,P+SR,2_A.json,f548cabb-2a47-4399-a702-f76d5d1336df,41.4805374,1,2,2,1
20,P+SR,2_A.json,fe0ef0b0-c647-4b3a-b2f6-68a75133a566,30.3189774,1,1,1,1
20,P+SR,2_A.json,c87d383c-41db-4303-8615-9271bbf2465e,33.5190048,1,2,2,2
20,P+SR,2_A.json,eee4a904-a6ad-4369-970f-b656e1f59f12,34.89076,1,2,2,2
20,P+SR,2_A.json,137e922c-0877-46af-a797-5a32df2edf5d,44.74319,1,3,3,3
20,P+SR,2_A.json,2369c5c0-c4bb-4308-a9cd-05a64a69f91a,44.5870476,1,6,6,2
20,P+SR,2_A.json,d58fe3c1-28a0-4e49-9e2f-e72569f6e61e,58.06594,2,8,4,3
20,P+SR,2_A.json,e2dc0c9a-3e6f-40a4-b8c5-7289c1efe296,21.8815784,1,1,1,1
20,P+SR,2_A.json,7cbd6f03-54a0-426f-b4ea-d8e0ce58e276,23.1172848,1,2,2,1
20,P+SR,2_A.json,81c1a60b-c8ac-4a16-b831-1df68863e61e,23.2990284,1,3,3,2
20,P+SR,2_A.json,0ebd3226-6abe-4b54-8d2f-6c4c8adc1978,41.05637,1,2,2,2
20,Pointing,3_C.json,e0153245-d5d9-449a-87f1-2a35d3239eef,30.0051327,2,9,6,2
20,Pointing,3_C.json,3bc363f5-3c91-4c51-8139-93034b21f3a9,19.8140011,1,1,1,1
20,Pointing,3_C.json,b594ae95-d981-4868-ae48-3f63eb87087a,29.2088413,2,6,4,2
20,Pointing,3_C.json,b0e9f035-c92f-4dc6-bd0a-a10b2941f902,32.6256,1,1,1,1
20,Pointing,3_C.json,4e23551b-4fd6-49d6-bc2b-c11836bf2a24,107.129532,4,6,2,2
20,Pointing,3_C.json,e81806f6-a4f2-4336-b77b-3407e101bc18,33.4036942,2,5,3,2
20,Pointing,3_C.json,04f5e376-2845-485a-8cb1-c38e3858ff8a,164.025284,6,6,4,2
20,Pointing,3_C.json,3d9e0045-08fb-4a50-b4e5-e4b24c3554c9,22.425499,1,2,2,1
20,Pointing,3_C.json,1ff814e6-7f85-4e81-ad9f-9aababb20e6d,82.01109,2,6,4,2
20,Pointing,3_C.json,ff4748e2-cd97-45bb-bf2c-e5c9c33f78ac,40.5217,1,3,3,1
20,Pointing,3_C.json,7612d934-759d-4a55-9a58-ef65940b7162,70.4077,3,6,3,3
20,Pointing,3_C.json,fd995852-c28d-49e9-97b5-9774af3241c3,268.319763,6,18,0,3
20,SR,1_B.json,1a84f2f7-1739-41af-94ae-9a3c6677e61d,50.0233345,1,3,3,2
20,SR,1_B.json,386be10f-0686-4118-928d-b57f06593b2f,47.0384674,1,3,3,2
20,SR,1_B.json,b3a3afee-32b8-4986-b9e8-16227e2c7bd9,67.09087,1,1,1,1
20,SR,1_B.json,25c3ccdb-26c7-4109-bcfe-730434f9caa9,46.6071053,1,2,2,1
20,SR,1_B.json,4fd86244-384f-4a69-adc8-6fd13c16422c,163.245255,2,5,3,3
20,SR,1_B.json,19e8d0a8-02bf-4644-9732-e4190e13825e,91.06528,2,8,6,2
20,SR,1_B.json,cd873fbb-fcc1-43bd-8f04-bb3b2d716af4,113.570694,3,29,10,2
20,SR,1_B.json,95479aa7-9c98-49e4-817e-727302518dae,90.2806854,3,13,6,1
20,SR,1_B.json,2a7b8c63-3775-4bbf-8841-7976b4ccf32f,166.407211,6,38,9,2
20,SR,1_B.json,4f145d76-f69f-4547-90a7-56281733ca5b,63.88308,3,5,2,2
20,SR,1_B.json,fcee09b7-efa4-4e87-956e-553ee7bb3648,100.788284,2,2,2,1
20,SR,1_B.json,9e93766e-b621-4d6e-9927-173ac982bf3a,310.178131,2,3,2,2
21,Label,4_D.json,40573e58-0087-4bb3-9ed7-d18a24a35b78,268.212,4,16,8,3
21,Label,4_D.json,2e919b0d-6d84-4641-a535-930a7ca6c8b7,92.73942,2,6,3,3
21,Label,4_D.json,5dde3eac-8ee6-4821-99d4-f6e4ae5f7bd2,147.2492,1,2,2,2
21,Label,4_D.json,c78550a2-290e-4b94-98db-961c2110c668,175.799576,2,8,4,2
21,Label,4_D.json,ae59cd40-20ff-4809-8cbb-87c7cc41665c,183.895676,3,10,4,2
21,Label,4_D.json,bee10050-f98c-456a-a684-4435ee88ef00,81.67196,1,3,3,3
21,Label,4_D.json,09ff7f59-f6d6-4c54-9955-f1b4bfd11225,31.814518,1,3,3,1
21,Label,4_D.json,7aeefa77-f398-4a26-b615-e50c4d05ba64,51.3158722,1,2,2,2
21,Label,4_D.json,2d0b42ad-6703-463c-81b3-4ee4d0c8b347,17.2630138,1,1,1,1
21,Label,4_D.json,b1e13b56-4030-40b3-a8c7-fbc4554e6c18,39.5605965,1,4,4,2
21,Label,4_D.json,fdf65cab-a9a0-4e5f-ac35-c3cff2196644,43.1009064,1,4,4,1
21,Label,4_D.json,79dc7e7b-d1c7-4237-908d-f541b20406d4,64.30604,1,1,1,1
21,P+SR,2_B.json,25c3ccdb-26c7-4109-bcfe-730434f9caa9,93.27781,1,2,2,1
21,P+SR,2_B.json,95479aa7-9c98-49e4-817e-727302518dae,38.92482,1,3,3,1
21,P+SR,2_B.json,9e93766e-b621-4d6e-9927-173ac982bf3a,79.33961,1,2,2,2
21,P+SR,2_B.json,b3a3afee-32b8-4986-b9e8-16227e2c7bd9,57.9230843,1,1,1,1
21,P+SR,2_B.json,4f145d76-f69f-4547-90a7-56281733ca5b,34.7063637,1,2,2,2
21,P+SR,2_B.json,386be10f-0686-4118-928d-b57f06593b2f,80.2974854,2,6,3,2
21,P+SR,2_B.json,cd873fbb-fcc1-43bd-8f04-bb3b2d716af4,80.31835,1,6,6,2
21,P+SR,2_B.json,19e8d0a8-02bf-4644-9732-e4190e13825e,110.400841,3,8,4,2
21,P+SR,2_B.json,1a84f2f7-1739-41af-94ae-9a3c6677e61d,131.89006,2,6,3,2
21,P+SR,2_B.json,4fd86244-384f-4a69-adc8-6fd13c16422c,132.302582,3,4,3,3
21,P+SR,2_B.json,fcee09b7-efa4-4e87-956e-553ee7bb3648,36.7696,1,2,2,1
21,P+SR,2_B.json,2a7b8c63-3775-4bbf-8841-7976b4ccf32f,89.84486,1,4,4,2
21,SR,1_C.json,04f5e376-2845-485a-8cb1-c38e3858ff8a,71.54541,1,4,4,2
21,SR,1_C.json,3d9e0045-08fb-4a50-b4e5-e4b24c3554c9,85.7458344,1,2,2,1
21,SR,1_C.json,fd995852-c28d-49e9-97b5-9774af3241c3,146.487137,1,6,6,3
21,SR,1_C.json,b594ae95-d981-4868-ae48-3f63eb87087a,89.9878845,2,9,5,2
21,SR,1_C.json,e0153245-d5d9-449a-87f1-2a35d3239eef,252.069839,1,6,6,2
21,SR,1_C.json,e81806f6-a4f2-4336-b77b-3407e101bc18,171.0098,2,6,3,2
21,SR,1_C.json,3bc363f5-3c91-4c51-8139-93034b21f3a9,102.290108,2,4,3,1
21,SR,1_C.json,7612d934-759d-4a55-9a58-ef65940b7162,55.6214752,1,4,4,3
21,SR,1_C.json,b0e9f035-c92f-4dc6-bd0a-a10b2941f902,57.2874451,2,2,1,1
21,SR,1_C.json,1ff814e6-7f85-4e81-ad9f-9aababb20e6d,248.149734,1,4,4,2
21,SR,1_C.json,ff4748e2-cd97-45bb-bf2c-e5c9c33f78ac,55.61971,1,3,3,1
21,SR,1_C.json,4e23551b-4fd6-49d6-bc2b-c11836bf2a24,123.312553,2,5,3,2
21,Pointing,3_A.json,fe0ef0b0-c647-4b3a-b2f6-68a75133a566,19.5510788,1,1,1,1
21,Pointing,3_A.json,81c1a60b-c8ac-4a16-b831-1df68863e61e,36.4361877,2,5,3,2
21,Pointing,3_A.json,eee4a904-a6ad-4369-970f-b656e1f59f12,180.098862,5,25,13,2
21,Pointing,3_A.json,0ebd3226-6abe-4b54-8d2f-6c4c8adc1978,130.454849,4,6,0,2
21,Pointing,3_A.json,e2dc0c9a-3e6f-40a4-b8c5-7289c1efe296,22.0899582,1,1,1,1
21,Pointing,3_A.json,d58fe3c1-28a0-4e49-9e2f-e72569f6e61e,132.8719,7,13,4,3
21,Pointing,3_A.json,f548cabb-2a47-4399-a702-f76d5d1336df,34.07313,1,2,2,1
21,Pointing,3_A.json,137e922c-0877-46af-a797-5a32df2edf5d,98.39516,3,6,3,3
21,Pointing,3_A.json,2369c5c0-c4bb-4308-a9cd-05a64a69f91a,27.9839573,2,12,8,2
21,Pointing,3_A.json,8aeed698-e7ee-41ef-bfe7-56f37e2232ab,56.3975639,4,8,3,3
21,Pointing,3_A.json,7cbd6f03-54a0-426f-b4ea-d8e0ce58e276,22.11293,1,2,2,1
21,Pointing,3_A.json,c87d383c-41db-4303-8615-9271bbf2465e,38.1619339,3,5,2,2
22,Label,4_D.json,40573e58-0087-4bb3-9ed7-d18a24a35b78,109.448013,1,9,9,3
22,Label,4_D.json,2d0b42ad-6703-463c-81b3-4ee4d0c8b347,38.84255,1,1,1,1
22,Label,4_D.json,2e919b0d-6d84-4641-a535-930a7ca6c8b7,33.9384766,1,3,3,3
22,Label,4_D.json,09ff7f59-f6d6-4c54-9955-f1b4bfd11225,23.25545,1,3,3,1
22,Label,4_D.json,79dc7e7b-d1c7-4237-908d-f541b20406d4,21.7774677,1,1,1,1
22,Label,4_D.json,b1e13b56-4030-40b3-a8c7-fbc4554e6c18,42.93846,1,4,4,2
22,Label,4_D.json,7aeefa77-f398-4a26-b615-e50c4d05ba64,36.3400574,1,2,2,2
22,Label,4_D.json,ae59cd40-20ff-4809-8cbb-87c7cc41665c,60.8654251,1,4,4,2
22,Label,4_D.json,fdf65cab-a9a0-4e5f-ac35-c3cff2196644,30.1726265,1,4,4,1
22,Label,4_D.json,bee10050-f98c-456a-a684-4435ee88ef00,73.84801,2,6,3,3
22,Label,4_D.json,5dde3eac-8ee6-4821-99d4-f6e4ae5f7bd2,56.51932,1,2,2,2
22,Label,4_D.json,c78550a2-290e-4b94-98db-961c2110c668,72.39015,2,6,4,2
22,Pointing,3_B.json,25c3ccdb-26c7-4109-bcfe-730434f9caa9,46.68717,1,2,2,1
22,Pointing,3_B.json,1a84f2f7-1739-41af-94ae-9a3c6677e61d,85.23887,2,6,3,2
22,Pointing,3_B.json,95479aa7-9c98-49e4-817e-727302518dae,57.8530045,1,3,3,1
22,Pointing,3_B.json,cd873fbb-fcc1-43bd-8f04-bb3b2d716af4,125.603912,3,12,6,2
22,Pointing,3_B.json,2a7b8c63-3775-4bbf-8841-7976b4ccf32f,77.9284439,2,6,4,2
22,Pointing,3_B.json,4fd86244-384f-4a69-adc8-6fd13c16422c,94.2463455,4,9,3,3
22,Pointing,3_B.json,19e8d0a8-02bf-4644-9732-e4190e13825e,61.33753,3,8,4,2
22,Pointing,3_B.json,4f145d76-f69f-4547-90a7-56281733ca5b,35.6934242,2,3,2,2
22,Pointing,3_B.json,fcee09b7-efa4-4e87-956e-553ee7bb3648,39.894043,1,2,2,1
22,Pointing,3_B.json,386be10f-0686-4118-928d-b57f06593b2f,67.59401,2,5,3,2
22,Pointing,3_B.json,9e93766e-b621-4d6e-9927-173ac982bf3a,32.1061859,2,3,2,2
22,Pointing,3_B.json,b3a3afee-32b8-4986-b9e8-16227e2c7bd9,39.6709747,1,1,1,1
22,P+SR,2_C.json,b594ae95-d981-4868-ae48-3f63eb87087a,69.80033,1,4,4,2
22,P+SR,2_C.json,04f5e376-2845-485a-8cb1-c38e3858ff8a,32.7713737,1,4,4,2
22,P+SR,2_C.json,7612d934-759d-4a55-9a58-ef65940b7162,46.0314445,1,3,3,3
22,P+SR,2_C.json,3bc363f5-3c91-4c51-8139-93034b21f3a9,28.8266983,1,1,1,1
22,P+SR,2_C.json,b0e9f035-c92f-4dc6-bd0a-a10b2941f902,22.6252365,1,1,1,1
22,P+SR,2_C.json,e0153245-d5d9-449a-87f1-2a35d3239eef,41.8880272,1,6,6,2
22,P+SR,2_C.json,e81806f6-a4f2-4336-b77b-3407e101bc18,44.8067551,1,3,3,2
22,P+SR,2_C.json,1ff814e6-7f85-4e81-ad9f-9aababb20e6d,44.0729179,1,4,4,2
22,P+SR,2_C.json,ff4748e2-cd97-45bb-bf2c-e5c9c33f78ac,24.3651676,1,3,3,1
22,P+SR,2_C.json,3d9e0045-08fb-4a50-b4e5-e4b24c3554c9,24.2599735,1,2,2,1
22,P+SR,2_C.json,4e23551b-4fd6-49d6-bc2b-c11836bf2a24,24.6239243,1,2,2,2
22,P+SR,2_C.json,fd995852-c28d-49e9-97b5-9774af3241c3,308.089722,4,22,6,3
22,SR,1_A.json,2369c5c0-c4bb-4308-a9cd-05a64a69f91a,122.265129,4,20,6,2
22,SR,1_A.json,d58fe3c1-28a0-4e49-9e2f-e72569f6e61e,60.5050278,1,4,4,3
22,SR,1_A.json,0ebd3226-6abe-4b54-8d2f-6c4c8adc1978,169.51442,2,4,2,2
22,SR,1_A.json,fe0ef0b0-c647-4b3a-b2f6-68a75133a566,47.7984543,1,1,1,1
22,SR,1_A.json,8aeed698-e7ee-41ef-bfe7-56f37e2232ab,103.105217,5,12,3,3
22,SR,1_A.json,137e922c-0877-46af-a797-5a32df2edf5d,59.3112335,1,3,3,3
22,SR,1_A.json,f548cabb-2a47-4399-a702-f76d5d1336df,24.079977,1,2,2,1
22,SR,1_A.json,81c1a60b-c8ac-4a16-b831-1df68863e61e,70.0916061,2,5,3,2
22,SR,1_A.json,c87d383c-41db-4303-8615-9271bbf2465e,62.687252,2,3,2,2
22,SR,1_A.json,e2dc0c9a-3e6f-40a4-b8c5-7289c1efe296,38.6125526,1,1,1,1
22,SR,1_A.json,7cbd6f03-54a0-426f-b4ea-d8e0ce58e276,63.5247,2,7,6,1
22,SR,1_A.json,eee4a904-a6ad-4369-970f-b656e1f59f12,117.3811,2,3,2,2
23,Label,4_B.json,19e8d0a8-02bf-4644-9732-e4190e13825e,96.1856842,1,4,4,2
23,Label,4_B.json,1a84f2f7-1739-41af-94ae-9a3c6677e61d,58.3348732,1,3,3,2
23,Label,4_B.json,b3a3afee-32b8-4986-b9e8-16227e2c7bd9,38.981575,1,1,1,1
23,Label,4_B.json,25c3ccdb-26c7-4109-bcfe-730434f9caa9,39.42541,1,2,2,1
23,Label,4_B.json,fcee09b7-efa4-4e87-956e-553ee7bb3648,54.4763336,2,3,2,1
23,Label,4_B.json,386be10f-0686-4118-928d-b57f06593b2f,122.4727,2,5,3,2
23,Label,4_B.json,95479aa7-9c98-49e4-817e-727302518dae,131.122025,3,11,5,1
23,Label,4_B.json,4f145d76-f69f-4547-90a7-56281733ca5b,67.78898,2,5,3,2
23,Label,4_B.json,4fd86244-384f-4a69-adc8-6fd13c16422c,146.6469,3,9,3,3
23,Label,4_B.json,9e93766e-b621-4d6e-9927-173ac982bf3a,46.90642,1,2,2,2
23,Label,4_B.json,cd873fbb-fcc1-43bd-8f04-bb3b2d716af4,51.769104,1,6,6,2
23,Label,4_B.json,2a7b8c63-3775-4bbf-8841-7976b4ccf32f,157.956284,3,15,6,2
23,Pointing,3_A.json,137e922c-0877-46af-a797-5a32df2edf5d,82.95398,3,6,3,3
23,Pointing,3_A.json,2369c5c0-c4bb-4308-a9cd-05a64a69f91a,38.8996773,2,9,6,2
23,Pointing,3_A.json,0ebd3226-6abe-4b54-8d2f-6c4c8adc1978,33.3610725,2,3,2,2
23,Pointing,3_A.json,fe0ef0b0-c647-4b3a-b2f6-68a75133a566,26.06476,1,1,1,1
23,Pointing,3_A.json,7cbd6f03-54a0-426f-b4ea-d8e0ce58e276,24.4777584,1,2,2,1
23,Pointing,3_A.json,d58fe3c1-28a0-4e49-9e2f-e72569f6e61e,56.78997,4,10,4,3
23,Pointing,3_A.json,81c1a60b-c8ac-4a16-b831-1df68863e61e,35.73083,2,5,3,2
23,Pointing,3_A.json,e2dc0c9a-3e6f-40a4-b8c5-7289c1efe296,12.859952,1,1,1,1
23,Pointing,3_A.json,8aeed698-e7ee-41ef-bfe7-56f37e2232ab,72.33747,3,6,3,3
23,Pointing,3_A.json,eee4a904-a6ad-4369-970f-b656e1f59f12,42.3185959,2,3,2,2
23,Pointing,3_A.json,f548cabb-2a47-4399-a702-f76d5d1336df,14.9945107,1,2,2,1
23,Pointing,3_A.json,c87d383c-41db-4303-8615-9271bbf2465e,28.64488,2,3,2,2
23,P+SR,2_C.json,e81806f6-a4f2-4336-b77b-3407e101bc18,93.6957855,2,5,3,2
23,P+SR,2_C.json,04f5e376-2845-485a-8cb1-c38e3858ff8a,32.7495079,1,4,4,2
23,P+SR,2_C.json,fd995852-c28d-49e9-97b5-9774af3241c3,97.28555,3,15,6,3
23,P+SR,2_C.json,b594ae95-d981-4868-ae48-3f63eb87087a,62.5843544,1,4,4,2
23,P+SR,2_C.json,ff4748e2-cd97-45bb-bf2c-e5c9c33f78ac,56.88495,1,3,3,1
23,P+SR,2_C.json,3d9e0045-08fb-4a50-b4e5-e4b24c3554c9,14.227684,1,2,2,1
23,P+SR,2_C.json,7612d934-759d-4a55-9a58-ef65940b7162,33.16876,1,3,3,3
23,P+SR,2_C.json,1ff814e6-7f85-4e81-ad9f-9aababb20e6d,66.583374,1,4,4,2
23,P+SR,2_C.json,e0153245-d5d9-449a-87f1-2a35d3239eef,45.38237,1,6,6,2
23,P+SR,2_C.json,4e23551b-4fd6-49d6-bc2b-c11836bf2a24,32.4090424,1,2,2,2
23,P+SR,2_C.json,3bc363f5-3c91-4c51-8139-93034b21f3a9,12.0419779,1,1,1,1
23,P+SR,2_C.json,b0e9f035-c92f-4dc6-bd0a-a10b2941f902,24.2640228,1,1,1,1
23,SR,1_B.json,1a84f2f7-1739-41af-94ae-9a3c6677e61d,84.98539,2,4,3,2
23,SR,1_B.json,386be10f-0686-4118-928d-b57f06593b2f,32.9234,1,3,3,2
23,SR,1_B.json,b3a3afee-32b8-4986-b9e8-16227e2c7bd9,65.05295,3,5,2,1
23,SR,1_B.json,25c3ccdb-26c7-4109-bcfe-730434f9caa9,29.3557663,1,2,2,1
23,SR,1_B.json,4fd86244-384f-4a69-adc8-6fd13c16422c,68.61888,2,5,3,3
23,SR,1_B.json,19e8d0a8-02bf-4644-9732-e4190e13825e,137.282959,2,11,6,2
23,SR,1_B.json,cd873fbb-fcc1-43bd-8f04-bb3b2d716af4,49.79069,1,9,9,2
23,SR,1_B.json,95479aa7-9c98-49e4-817e-727302518dae,122.479095,3,13,5,1
23,SR,1_B.json,2a7b8c63-3775-4bbf-8841-7976b4ccf32f,157.764557,2,8,5,2
23,SR,1_B.json,4f145d76-f69f-4547-90a7-56281733ca5b,57.1945839,2,3,2,2
23,SR,1_B.json,fcee09b7-efa4-4e87-956e-553ee7bb3648,30.2077465,1,2,2,1
23,SR,1_B.json,9e93766e-b621-4d6e-9927-173ac982bf3a,38.3513145,2,3,2,2
24,Label,4_D.json,b1e13b56-4030-40b3-a8c7-fbc4554e6c18,0.0,3,15,6,2
24,Label,4_D.json,bee10050-f98c-456a-a684-4435ee88ef00,149.521469,1,3,3,3
24,Label,4_D.json,2e919b0d-6d84-4641-a535-930a7ca6c8b7,102.074295,1,3,3,3
24,Label,4_D.json,fdf65cab-a9a0-4e5f-ac35-c3cff2196644,132.495956,3,4,4,1
24,Label,4_D.json,c78550a2-290e-4b94-98db-961c2110c668,32.3237534,1,2,2,2
24,Label,4_D.json,79dc7e7b-d1c7-4237-908d-f541b20406d4,37.61232,1,1,1,1
24,Label,4_D.json,5dde3eac-8ee6-4821-99d4-f6e4ae5f7bd2,81.24341,1,2,2,2
24,Label,4_D.json,2d0b42ad-6703-463c-81b3-4ee4d0c8b347,25.8721581,1,1,1,1
24,Label,4_D.json,09ff7f59-f6d6-4c54-9955-f1b4bfd11225,24.8348179,1,3,3,1
24,Label,4_D.json,7aeefa77-f398-4a26-b615-e50c4d05ba64,45.4833832,1,2,2,2
24,Label,4_D.json,ae59cd40-20ff-4809-8cbb-87c7cc41665c,83.05845,1,3,3,2
24,Label,4_D.json,40573e58-0087-4bb3-9ed7-d18a24a35b78,103.48716,1,9,9,3
24,P+SR,2_A.json,8aeed698-e7ee-41ef-bfe7-56f37e2232ab,83.64572,2,4,3,3
24,P+SR,2_A.json,d58fe3c1-28a0-4e49-9e2f-e72569f6e61e,67.28252,3,8,4,3
24,P+SR,2_A.json,81c1a60b-c8ac-4a16-b831-1df68863e61e,65.9115753,2,6,3,2
24,P+SR,2_A.json,7cbd6f03-54a0-426f-b4ea-d8e0ce58e276,41.772686,1,2,2,1
24,P+SR,2_A.json,0ebd3226-6abe-4b54-8d2f-6c4c8adc1978,54.45838,1,2,2,2
24,P+SR,2_A.json,c87d383c-41db-4303-8615-9271bbf2465e,32.4561157,1,2,2,2
24,P+SR,2_A.json,eee4a904-a6ad-4369-970f-b656e1f59f12,34.341156,1,2,2,2
24,P+SR,2_A.json,2369c5c0-c4bb-4308-a9cd-05a64a69f91a,145.170319,1,2,2,2
24,P+SR,2_A.json,f548cabb-2a47-4399-a702-f76d5d1336df,25.1159878,1,2,2,1
24,P+SR,2_A.json,137e922c-0877-46af-a797-5a32df2edf5d,42.18146,1,3,3,3
24,P+SR,2_A.json,e2dc0c9a-3e6f-40a4-b8c5-7289c1efe296,25.88497,1,1,1,1
24,P+SR,2_A.json,fe0ef0b0-c647-4b3a-b2f6-68a75133a566,18.1903648,1,1,1,1
24,Pointing,3_B.json,4fd86244-384f-4a69-adc8-6fd13c16422c,148.9125,2,4,1,3
24,Pointing,3_B.json,386be10f-0686-4118-928d-b57f06593b2f,32.1639061,3,6,3,2
24,Pointing,3_B.json,95479aa7-9c98-49e4-817e-727302518dae,38.69888,1,3,3,1
24,Pointing,3_B.json,fcee09b7-efa4-4e87-956e-553ee7bb3648,57.27354,2,3,2,1
24,Pointing,3_B.json,b3a3afee-32b8-4986-b9e8-16227e2c7bd9,19.08485,1,1,1,1
24,Pointing,3_B.json,2a7b8c63-3775-4bbf-8841-7976b4ccf32f,23.3152161,1,4,4,2
24,Pointing,3_B.json,9e93766e-b621-4d6e-9927-173ac982bf3a,59.0574646,2,3,2,2
24,Pointing,3_B.json,1a84f2f7-1739-41af-94ae-9a3c6677e61d,24.3890076,2,5,3,2
24,Pointing,3_B.json,cd873fbb-fcc1-43bd-8f04-bb3b2d716af4,23.5549126,2,9,6,2
24,Pointing,3_B.json,19e8d0a8-02bf-4644-9732-e4190e13825e,21.2347031,2,6,4,2
24,Pointing,3_B.json,4f145d76-f69f-4547-90a7-56281733ca5b,22.6762714,2,3,2,2
24,Pointing,3_B.json,25c3ccdb-26c7-4109-bcfe-730434f9caa9,20.0055313,1,2,2,1
24,SR,1_C.json,04f5e376-2845-485a-8cb1-c38e3858ff8a,94.50547,1,4,4,2
24,SR,1_C.json,3d9e0045-08fb-4a50-b4e5-e4b24c3554c9,51.6802,1,2,2,1
24,SR,1_C.json,fd995852-c28d-49e9-97b5-9774af3241c3,87.47345,1,6,6,3
24,SR,1_C.json,b594ae95-d981-4868-ae48-3f63eb87087a,78.7637253,1,4,4,2
24,SR,1_C.json,e0153245-d5d9-449a-87f1-2a35d3239eef,41.2624741,1,6,6,2
24,SR,1_C.json,e81806f6-a4f2-4336-b77b-3407e101bc18,80.30552,1,5,5,2
24,SR,1_C.json,3bc363f5-3c91-4c51-8139-93034b21f3a9,27.2422543,1,1,1,1
24,SR,1_C.json,7612d934-759d-4a55-9a58-ef65940b7162,43.1488457,1,2,2,3
24,SR,1_C.json,b0e9f035-c92f-4dc6-bd0a-a10b2941f902,26.3137817,1,1,1,1
24,SR,1_C.json,1ff814e6-7f85-4e81-ad9f-9aababb20e6d,59.5345879,1,4,4,2
24,SR,1_C.json,ff4748e2-cd97-45bb-bf2c-e5c9c33f78ac,30.9871178,1,3,3,1
24,SR,1_C.json,4e23551b-4fd6-49d6-bc2b-c11836bf2a24,31.5556183,1,2,2,2
3,P+SR,2_D.json,2d0b42ad-6703-463c-81b3-4ee4d0c8b347,40.396904,1,1,1,1
3,P+SR,2_D.json,c78550a2-290e-4b94-98db-961c2110c668,53.3739433,1,4,4,2
3,P+SR,2_D.json,5dde3eac-8ee6-4821-99d4-f6e4ae5f7bd2,45.8651466,1,2,2,2
3,P+SR,2_D.json,7aeefa77-f398-4a26-b615-e50c4d05ba64,35.3795471,1,2,2,2
3,P+SR,2_D.json,fdf65cab-a9a0-4e5f-ac35-c3cff2196644,28.113039,1,4,4,1
3,P+SR,2_D.json,09ff7f59-f6d6-4c54-9955-f1b4bfd11225,23.7397385,1,3,3,1
3,P+SR,2_D.json,ae59cd40-20ff-4809-8cbb-87c7cc41665c,42.09797,1,4,4,2
3,P+SR,2_D.json,b1e13b56-4030-40b3-a8c7-fbc4554e6c18,33.8355,1,4,4,2
3,P+SR,2_D.json,bee10050-f98c-456a-a684-4435ee88ef00,37.5562553,1,3,3,3
3,P+SR,2_D.json,79dc7e7b-d1c7-4237-908d-f541b20406d4,124.606018,1,1,1,1
3,P+SR,2_D.json,2e919b0d-6d84-4641-a535-930a7ca6c8b7,36.78621,1,3,3,3
3,P+SR,2_D.json,40573e58-0087-4bb3-9ed7-d18a24a35b78,52.7560959,1,9,9,3
3,Label,4_B.json,1a84f2f7-1739-41af-94ae-9a3c6677e61d,106.158676,5,9,3,2
3,Label,4_B.json,b3a3afee-32b8-4986-b9e8-16227e2c7bd9,134.414566,5,8,3,1
3,Label,4_B.json,9e93766e-b621-4d6e-9927-173ac982bf3a,51.55732,3,3,2,2
3,Label,4_B.json,19e8d0a8-02bf-4644-9732-e4190e13825e,43.10014,2,6,4,2
3,Label,4_B.json,fcee09b7-efa4-4e87-956e-553ee7bb3648,36.4059448,1,2,2,1
3,Label,4_B.json,cd873fbb-fcc1-43bd-8f04-bb3b2d716af4,62.31572,3,14,6,2
3,Label,4_B.json,4f145d76-f69f-4547-90a7-56281733ca5b,145.9042,5,8,3,2
3,Label,4_B.json,4fd86244-384f-4a69-adc8-6fd13c16422c,73.0436,3,6,3,3
3,Label,4_B.json,386be10f-0686-4118-928d-b57f06593b2f,83.9272,2,5,3,2
3,Label,4_B.json,2a7b8c63-3775-4bbf-8841-7976b4ccf32f,117.433311,5,15,4,2
3,Label,4_B.json,95479aa7-9c98-49e4-817e-727302518dae,44.881424,2,7,4,1
3,Label,4_B.json,25c3ccdb-26c7-4109-bcfe-730434f9caa9,54.1421776,2,6,4,1
3,SR,1_C.json,04f5e376-2845-485a-8cb1-c38e3858ff8a,74.23094,1,4,4,2
3,SR,1_C.json,fd995852-c28d-49e9-97b5-9774af3241c3,267.9742,4,16,6,3
3,SR,1_C.json,b594ae95-d981-4868-ae48-3f63eb87087a,99.01288,2,6,4,2
3,SR,1_C.json,e0153245-d5d9-449a-87f1-2a35d3239eef,95.2831955,2,9,6,2
3,SR,1_C.json,e81806f6-a4f2-4336-b77b-3407e101bc18,266.220917,5,16,5,2
3,SR,1_C.json,3bc363f5-3c91-4c51-8139-93034b21f3a9,96.19136,4,14,5,1
3,SR,1_C.json,7612d934-759d-4a55-9a58-ef65940b7162,217.160126,4,20,7,3
3,SR,1_C.json,b0e9f035-c92f-4dc6-bd0a-a10b2941f902,26.4541531,1,1,1,1
3,SR,1_C.json,1ff814e6-7f85-4e81-ad9f-9aababb20e6d,353.365784,12,50,5,2
3,SR,1_C.json,ff4748e2-cd97-45bb-bf2c-e5c9c33f78ac,41.8973579,1,3,3,1
3,SR,1_C.json,4e23551b-4fd6-49d6-bc2b-c11836bf2a24,138.36145,3,3,2,2
3,SR,1_C.json,3d9e0045-08fb-4a50-b4e5-e4b24c3554c9,24.0057144,1,2,2,1
3,Pointing,3_A.json,2369c5c0-c4bb-4308-a9cd-05a64a69f91a,110.379768,2,9,6,2
3,Pointing,3_A.json,0ebd3226-6abe-4b54-8d2f-6c4c8adc1978,63.75793,2,3,2,2
3,Pointing,3_A.json,eee4a904-a6ad-4369-970f-b656e1f59f12,36.319767,2,3,2,2
3,Pointing,3_A.json,137e922c-0877-46af-a797-5a32df2edf5d,48.0620766,3,6,3,3
3,Pointing,3_A.json,7cbd6f03-54a0-426f-b4ea-d8e0ce58e276,23.91353,1,2,2,1
3,Pointing,3_A.json,f548cabb-2a47-4399-a702-f76d5d1336df,22.462471,1,2,2,1
3,Pointing,3_A.json,e2dc0c9a-3e6f-40a4-b8c5-7289c1efe296,22.88566,1,1,1,1
3,Pointing,3_A.json,8aeed698-e7ee-41ef-bfe7-56f37e2232ab,61.56123,4,8,3,3
3,Pointing,3_A.json,d58fe3c1-28a0-4e49-9e2f-e72569f6e61e,53.34839,3,9,4,3
3,Pointing,3_A.json,c87d383c-41db-4303-8615-9271bbf2465e,36.5518227,2,3,2,2
3,Pointing,3_A.json,81c1a60b-c8ac-4a16-b831-1df68863e61e,40.434597,2,5,3,2
3,Pointing,3_A.json,fe0ef0b0-c647-4b3a-b2f6-68a75133a566,17.907917,1,1,1,1
4,Pointing,3_D.json,79dc7e7b-d1c7-4237-908d-f541b20406d4,23.2668114,1,1,1,1
4,Pointing,3_D.json,09ff7f59-f6d6-4c54-9955-f1b4bfd11225,20.2059078,1,3,3,1
4,Pointing,3_D.json,5dde3eac-8ee6-4821-99d4-f6e4ae5f7bd2,34.5857735,2,3,2,2
4,Pointing,3_D.json,bee10050-f98c-456a-a684-4435ee88ef00,45.4290237,3,6,3,3
4,Pointing,3_D.json,c78550a2-290e-4b94-98db-961c2110c668,28.1743488,2,6,4,2
4,Pointing,3_D.json,b1e13b56-4030-40b3-a8c7-fbc4554e6c18,41.9554329,3,9,4,2
4,Pointing,3_D.json,2e919b0d-6d84-4641-a535-930a7ca6c8b7,61.49721,3,6,3,3
4,Pointing,3_D.json,2d0b42ad-6703-463c-81b3-4ee4d0c8b347,18.3087273,1,1,1,1
4,Pointing,3_D.json,40573e58-0087-4bb3-9ed7-d18a24a35b78,38.57627,3,18,9,3
4,Pointing,3_D.json,7aeefa77-f398-4a26-b615-e50c4d05ba64,29.0460014,2,3,2,2
4,Pointing,3_D.json,fdf65cab-a9a0-4e5f-ac35-c3cff2196644,22.9396076,1,4,4,1
4,Pointing,3_D.json,ae59cd40-20ff-4809-8cbb-87c7cc41665c,35.8655472,2,6,4,2
4,Label,4_C.json,b0e9f035-c92f-4dc6-bd0a-a10b2941f902,67.01313,2,2,1,1
4,Label,4_C.json,3bc363f5-3c91-4c51-8139-93034b21f3a9,24.7190113,1,1,1,1
4,Label,4_C.json,4e23551b-4fd6-49d6-bc2b-c11836bf2a24,64.17912,1,2,2,2
4,Label,4_C.json,3d9e0045-08fb-4a50-b4e5-e4b24c3554c9,39.43218,1,2,2,1
4,Label,4_C.json,fd995852-c28d-49e9-97b5-9774af3241c3,148.858734,2,11,6,3
4,Label,4_C.json,e0153245-d5d9-449a-87f1-2a35d3239eef,65.67649,1,6,6,2
4,Label,4_C.json,7612d934-759d-4a55-9a58-ef65940b7162,45.9068756,1,3,3,3
4,Label,4_C.json,04f5e376-2845-485a-8cb1-c38e3858ff8a,162.2383,2,6,4,2
4,Label,4_C.json,b594ae95-d981-4868-ae48-3f63eb87087a,83.76952,2,8,4,2
4,Label,4_C.json,e81806f6-a4f2-4336-b77b-3407e101bc18,133.487869,2,6,3,2
4,Label,4_C.json,ff4748e2-cd97-45bb-bf2c-e5c9c33f78ac,43.7238426,1,3,3,1
4,Label,4_C.json,1ff814e6-7f85-4e81-ad9f-9aababb20e6d,137.567688,1,4,4,2
4,P+SR,2_B.json,2a7b8c63-3775-4bbf-8841-7976b4ccf32f,123.229881,3,7,4,2
4,P+SR,2_B.json,cd873fbb-fcc1-43bd-8f04-bb3b2d716af4,81.7249451,1,6,6,2
4,P+SR,2_B.json,9e93766e-b621-4d6e-9927-173ac982bf3a,45.2496262,1,2,2,2
4,P+SR,2_B.json,386be10f-0686-4118-928d-b57f06593b2f,57.2065735,1,3,3,2
4,P+SR,2_B.json,b3a3afee-32b8-4986-b9e8-16227e2c7bd9,21.3586121,1,1,1,1
4,P+SR,2_B.json,4fd86244-384f-4a69-adc8-6fd13c16422c,39.1467323,1,3,3,3
4,P+SR,2_B.json,95479aa7-9c98-49e4-817e-727302518dae,23.217,1,3,3,1
4,P+SR,2_B.json,1a84f2f7-1739-41af-94ae-9a3c6677e61d,28.714901,1,3,3,2
4,P+SR,2_B.json,25c3ccdb-26c7-4109-bcfe-730434f9caa9,21.5724888,1,2,2,1
4,P+SR,2_B.json,19e8d0a8-02bf-4644-9732-e4190e13825e,45.3812523,2,6,4,2
4,P+SR,2_B.json,fcee09b7-efa4-4e87-956e-553ee7bb3648,23.968401,1,2,2,1
4,P+SR,2_B.json,4f145d76-f69f-4547-90a7-56281733ca5b,22.83236,1,2,2,2
4,SR,1_A.json,2369c5c0-c4bb-4308-a9cd-05a64a69f91a,94.82124,6,21,6,2
4,SR,1_A.json,d58fe3c1-28a0-4e49-9e2f-e72569f6e61e,61.8121872,4,10,4,3
4,SR,1_A.json,0ebd3226-6abe-4b54-8d2f-6c4c8adc1978,94.7528152,2,3,2,2
4,SR,1_A.json,fe0ef0b0-c647-4b3a-b2f6-68a75133a566,56.41617,3,4,2,1
4,SR,1_A.json,8aeed698-e7ee-41ef-bfe7-56f37e2232ab,165.769821,2,6,3,3
4,SR,1_A.json,137e922c-0877-46af-a797-5a32df2edf5d,71.40555,1,3,3,3
4,SR,1_A.json,f548cabb-2a47-4399-a702-f76d5d1336df,28.4271259,1,3,3,1
4,SR,1_A.json,81c1a60b-c8ac-4a16-b831-1df68863e61e,240.646942,9,19,3,2
4,SR,1_A.json,c87d383c-41db-4303-8615-9271bbf2465e,41.28562,2,3,2,2
4,SR,1_A.json,e2dc0c9a-3e6f-40a4-b8c5-7289c1efe296,63.32968,1,1,1,1
4,SR,1_A.json,7cbd6f03-54a0-426f-b4ea-d8e0ce58e276,45.8912468,2,3,2,1
4,SR,1_A.json,eee4a904-a6ad-4369-970f-b656e1f59f12,88.36287,2,4,2,2
5,Pointing,3_D.json,2e919b0d-6d84-4641-a535-930a7ca6c8b7,82.83906,4,9,3,3
5,Pointing,3_D.json,bee10050-f98c-456a-a684-4435ee88ef00,33.1635323,3,6,3,3
5,Pointing,3_D.json,79dc7e7b-d1c7-4237-908d-f541b20406d4,19.8262138,1,1,1,1
5,Pointing,3_D.json,ae59cd40-20ff-4809-8cbb-87c7cc41665c,28.3419323,2,6,4,2
5,Pointing,3_D.json,5dde3eac-8ee6-4821-99d4-f6e4ae5f7bd2,26.9722748,3,5,2,2
5,Pointing,3_D.json,2d0b42ad-6703-463c-81b3-4ee4d0c8b347,28.5986214,1,1,1,1
5,Pointing,3_D.json,09ff7f59-f6d6-4c54-9955-f1b4bfd11225,36.5498428,2,3,3,1
5,Pointing,3_D.json,fdf65cab-a9a0-4e5f-ac35-c3cff2196644,13.7378769,1,4,4,1
5,Pointing,3_D.json,7aeefa77-f398-4a26-b615-e50c4d05ba64,12.498147,1,1,1,2
5,Pointing,3_D.json,c78550a2-290e-4b94-98db-961c2110c668,30.3332329,2,6,4,2
5,Pointing,3_D.json,40573e58-0087-4bb3-9ed7-d18a24a35b78,116.618156,8,57,9,3
5,Pointing,3_D.json,b1e13b56-4030-40b3-a8c7-fbc4554e6c18,23.3735123,2,6,4,2
5,Label,4_A.json,81c1a60b-c8ac-4a16-b831-1df68863e61e,27.937891,1,1,1,2
5,Label,4_A.json,d58fe3c1-28a0-4e49-9e2f-e72569f6e61e,66.08869,4,10,4,3
5,Label,4_A.json,c87d383c-41db-4303-8615-9271bbf2465e,19.24799,1,2,2,2
5,Label,4_A.json,e2dc0c9a-3e6f-40a4-b8c5-7289c1efe296,29.4655476,1,1,1,1
5,Label,4_A.json,eee4a904-a6ad-4369-970f-b656e1f59f12,37.6193657,2,4,2,2
5,Label,4_A.json,2369c5c0-c4bb-4308-a9cd-05a64a69f91a,52.77413,2,12,6,2
5,Label,4_A.json,f548cabb-2a47-4399-a702-f76d5d1336df,32.9700737,2,5,3,1
5,Label,4_A.json,7cbd6f03-54a0-426f-b4ea-d8e0ce58e276,42.6232567,4,5,2,1
5,Label,4_A.json,137e922c-0877-46af-a797-5a32df2edf5d,44.2072334,2,6,3,3
5,Label,4_A.json,0ebd3226-6abe-4b54-8d2f-6c4c8adc1978,24.1452274,1,2,2,2
5,Label,4_A.json,fe0ef0b0-c647-4b3a-b2f6-68a75133a566,10.8626175,1,1,1,1
5,Label,4_A.json,8aeed698-e7ee-41ef-bfe7-56f37e2232ab,84.5671844,5,13,3,3
5,P+SR,2_C.json,7612d934-759d-4a55-9a58-ef65940b7162,70.30256,1,3,3,3
5,P+SR,2_C.json,3d9e0045-08fb-4a50-b4e5-e4b24c3554c9,18.3220482,1,2,2,1
5,P+SR,2_C.json,b0e9f035-c92f-4dc6-bd0a-a10b2941f902,15.7775517,1,1,1,1
5,P+SR,2_C.json,1ff814e6-7f85-4e81-ad9f-9aababb20e6d,32.41846,1,4,4,2
5,P+SR,2_C.json,4e23551b-4fd6-49d6-bc2b-c11836bf2a24,24.9259777,1,2,2,2
5,P+SR,2_C.json,04f5e376-2845-485a-8cb1-c38e3858ff8a,26.6448421,1,4,4,2
5,P+SR,2_C.json,3bc363f5-3c91-4c51-8139-93034b21f3a9,13.2370415,1,1,1,1
5,P+SR,2_C.json,ff4748e2-cd97-45bb-bf2c-e5c9c33f78ac,40.0212669,2,4,3,1
5,P+SR,2_C.json,e81806f6-a4f2-4336-b77b-3407e101bc18,18.50713,1,3,3,2
5,P+SR,2_C.json,fd995852-c28d-49e9-97b5-9774af3241c3,68.99045,4,15,6,3
5,P+SR,2_C.json,b594ae95-d981-4868-ae48-3f63eb87087a,26.922533,1,4,4,2
5,P+SR,2_C.json,e0153245-d5d9-449a-87f1-2a35d3239eef,25.713047,1,6,6,2
5,SR,1_B.json,1a84f2f7-1739-41af-94ae-9a3c6677e61d,60.0234642,1,2,2,2
5,SR,1_B.json,386be10f-0686-4118-928d-b57f06593b2f,55.36088,1,3,3,2
5,SR,1_B.json,b3a3afee-32b8-4986-b9e8-16227e2c7bd9,31.56262,1,1,1,1
5,SR,1_B.json,25c3ccdb-26c7-4109-bcfe-730434f9caa9,24.7615376,1,2,2,1
5,SR,1_B.json,4fd86244-384f-4a69-adc8-6fd13c16422c,83.34935,3,4,1,3
5,SR,1_B.json,19e8d0a8-02bf-4644-9732-e4190e13825e,137.86792,4,16,5,2
5,SR,1_B.json,cd873fbb-fcc1-43bd-8f04-bb3b2d716af4,51.45718,3,12,6,2
5,SR,1_B.json,95479aa7-9c98-49e4-817e-727302518dae,39.2266541,1,3,3,1
5,SR,1_B.json,2a7b8c63-3775-4bbf-8841-7976b4ccf32f,39.0066071,1,4,4,2
5,SR,1_B.json,4f145d76-f69f-4547-90a7-56281733ca5b,20.6292915,1,1,1,2
5,SR,1_B.json,fcee09b7-efa4-4e87-956e-553ee7bb3648,33.8033943,2,3,2,1
5,SR,1_B.json,9e93766e-b621-4d6e-9927-173ac982bf3a,11.4883356,1,1,1,2
6,P+SR,2_D.json,2d0b42ad-6703-463c-81b3-4ee4d0c8b347,105.866516,2,2,1,1
6,P+SR,2_D.json,5dde3eac-8ee6-4821-99d4-f6e4ae5f7bd2,72.49237,3,5,2,2
6,P+SR,2_D.json,bee10050-f98c-456a-a684-4435ee88ef00,129.129791,6,13,3,3
6,P+SR,2_D.json,b1e13b56-4030-40b3-a8c7-fbc4554e6c18,63.0227737,3,10,4,2
6,P+SR,2_D.json,c78550a2-290e-4b94-98db-961c2110c668,69.5878754,3,10,4,2
6,P+SR,2_D.json,40573e58-0087-4bb3-9ed7-d18a24a35b78,204.304108,6,34,9,3
6,P+SR,2_D.json,7aeefa77-f398-4a26-b615-e50c4d05ba64,71.75282,3,5,2,2
6,P+SR,2_D.json,79dc7e7b-d1c7-4237-908d-f541b20406d4,39.52762,2,2,1,1
6,P+SR,2_D.json,2e919b0d-6d84-4641-a535-930a7ca6c8b7,69.26012,4,9,3,3
6,P+SR,2_D.json,ae59cd40-20ff-4809-8cbb-87c7cc41665c,67.27969,3,10,4,2
6,P+SR,2_D.json,09ff7f59-f6d6-4c54-9955-f1b4bfd11225,66.856636,3,7,3,1
6,P+SR,2_D.json,fdf65cab-a9a0-4e5f-ac35-c3cff2196644,46.1977921,2,8,4,1
6,Pointing,3_C.json,04f5e376-2845-485a-8cb1-c38e3858ff8a,25.5496254,2,6,4,2
6,Pointing,3_C.json,4e23551b-4fd6-49d6-bc2b-c11836bf2a24,35.44967,2,3,2,2
6,Pointing,3_C.json,3d9e0045-08fb-4a50-b4e5-e4b24c3554c9,14.2201748,1,2,2,1
6,Pointing,3_C.json,e0153245-d5d9-449a-87f1-2a35d3239eef,40.6091537,2,9,6,2
6,Pointing,3_C.json,fd995852-c28d-49e9-97b5-9774af3241c3,32.5480728,3,12,6,3
6,Pointing,3_C.json,b594ae95-d981-4868-ae48-3f63eb87087a,25.1693439,2,6,4,2
6,Pointing,3_C.json,e81806f6-a4f2-4336-b77b-3407e101bc18,25.0694637,2,4,2,2
6,Pointing,3_C.json,b0e9f035-c92f-4dc6-bd0a-a10b2941f902,13.2182283,1,1,1,1
6,Pointing,3_C.json,7612d934-759d-4a55-9a58-ef65940b7162,29.6468468,3,6,3,3
6,Pointing,3_C.json,1ff814e6-7f85-4e81-ad9f-9aababb20e6d,33.61142,2,6,4,2
6,Pointing,3_C.json,3bc363f5-3c91-4c51-8139-93034b21f3a9,11.947752,1,1,1,1
6,Pointing,3_C.json,ff4748e2-cd97-45bb-bf2c-e5c9c33f78ac,39.8647728,3,3,3,1
6,Label,4_B.json,1a84f2f7-1739-41af-94ae-9a3c6677e61d,68.49287,1,3,3,2
6,Label,4_B.json,9e93766e-b621-4d6e-9927-173ac982bf3a,44.439888,1,2,2,2
6,Label,4_B.json,386be10f-0686-4118-928d-b57f06593b2f,146.660385,2,6,3,2
6,Label,4_B.json,4fd86244-384f-4a69-adc8-6fd13c16422c,92.3770752,1,3,3,3
6,Label,4_B.json,b3a3afee-32b8-4986-b9e8-16227e2c7bd9,31.629797,1,1,1,1
6,Label,4_B.json,25c3ccdb-26c7-4109-bcfe-730434f9caa9,43.12894,1,2,2,1
6,Label,4_B.json,19e8d0a8-02bf-4644-9732-e4190e13825e,47.99373,1,4,4,2
6,Label,4_B.json,2a7b8c63-3775-4bbf-8841-7976b4ccf32f,104.701675,2,5,4,2
6,Label,4_B.json,95479aa7-9c98-49e4-817e-727302518dae,24.7543964,1,3,3,1
6,Label,4_B.json,4f145d76-f69f-4547-90a7-56281733ca5b,35.0686569,1,2,2,2
6,Label,4_B.json,cd873fbb-fcc1-43bd-8f04-bb3b2d716af4,102.774185,2,9,6,2
6,Label,4_B.json,fcee09b7-efa4-4e87-956e-553ee7bb3648,20.05771,1,2,2,1
6,SR,1_A.json,2369c5c0-c4bb-4308-a9cd-05a64a69f91a,255.836243,5,19,6,2
6,SR,1_A.json,d58fe3c1-28a0-4e49-9e2f-e72569f6e61e,64.80329,1,4,4,3
6,SR,1_A.json,0ebd3226-6abe-4b54-8d2f-6c4c8adc1978,53.08708,3,4,2,2
6,SR,1_A.json,fe0ef0b0-c647-4b3a-b2f6-68a75133a566,25.0925121,1,1,1,1
6,SR,1_A.json,8aeed698-e7ee-41ef-bfe7-56f37e2232ab,95.70167,2,3,3,3
6,SR,1_A.json,137e922c-0877-46af-a797-5a32df2edf5d,68.5105438,1,3,3,3
6,SR,1_A.json,f548cabb-2a47-4399-a702-f76d5d1336df,113.143517,3,6,2,1
6,SR,1_A.json,81c1a60b-c8ac-4a16-b831-1df68863e61e,140.626251,4,9,3,2
6,SR,1_A.json,c87d383c-41db-4303-8615-9271bbf2465e,56.7141228,3,5,2,2
6,SR,1_A.json,e2dc0c9a-3e6f-40a4-b8c5-7289c1efe296,47.45549,1,1,1,1
6,SR,1_A.json,7cbd6f03-54a0-426f-b4ea-d8e0ce58e276,58.6800766,1,2,2,1
6,SR,1_A.json,eee4a904-a6ad-4369-970f-b656e1f59f12,55.0016823,1,2,2,2
7,Pointing,3_D.json,bee10050-f98c-456a-a684-4435ee88ef00,104.329895,3,6,3,3
7,Pointing,3_D.json,7aeefa77-f398-4a26-b615-e50c4d05ba64,43.4613,2,3,2,2
7,Pointing,3_D.json,2e919b0d-6d84-4641-a535-930a7ca6c8b7,59.4670753,3,6,3,3
7,Pointing,3_D.json,40573e58-0087-4bb3-9ed7-d18a24a35b78,46.7211761,3,18,9,3
7,Pointing,3_D.json,fdf65cab-a9a0-4e5f-ac35-c3cff2196644,24.1421928,1,4,4,1
7,Pointing,3_D.json,79dc7e7b-d1c7-4237-908d-f541b20406d4,24.7006454,1,1,1,1
7,Pointing,3_D.json,5dde3eac-8ee6-4821-99d4-f6e4ae5f7bd2,51.4115868,2,3,2,2
7,Pointing,3_D.json,c78550a2-290e-4b94-98db-961c2110c668,47.513176,2,6,4,2
7,Pointing,3_D.json,2d0b42ad-6703-463c-81b3-4ee4d0c8b347,25.55293,1,1,1,1
7,Pointing,3_D.json,09ff7f59-f6d6-4c54-9955-f1b4bfd11225,26.4535789,1,3,3,1
7,Pointing,3_D.json,ae59cd40-20ff-4809-8cbb-87c7cc41665c,40.4930534,2,6,4,2
7,Pointing,3_D.json,b1e13b56-4030-40b3-a8c7-fbc4554e6c18,25.9880733,2,6,4,2
7,Label,4_C.json,3d9e0045-08fb-4a50-b4e5-e4b24c3554c9,46.90889,1,2,2,1
7,Label,4_C.json,e81806f6-a4f2-4336-b77b-3407e101bc18,160.729523,6,17,3,2
7,Label,4_C.json,7612d934-759d-4a55-9a58-ef65940b7162,142.926453,6,8,3,3
7,Label,4_C.json,b594ae95-d981-4868-ae48-3f63eb87087a,121.681946,3,10,4,2
7,Label,4_C.json,ff4748e2-cd97-45bb-bf2c-e5c9c33f78ac,34.2855263,1,3,3,1
7,Label,4_C.json,b0e9f035-c92f-4dc6-bd0a-a10b2941f902,131.107544,2,1,1,1
7,Label,4_C.json,4e23551b-4fd6-49d6-bc2b-c11836bf2a24,101.180344,4,7,2,2
7,Label,4_C.json,fd995852-c28d-49e9-97b5-9774af3241c3,74.440506,4,17,6,3
7,Label,4_C.json,04f5e376-2845-485a-8cb1-c38e3858ff8a,62.309,2,6,4,2
7,Label,4_C.json,3bc363f5-3c91-4c51-8139-93034b21f3a9,24.516058,1,1,1,1
7,Label,4_C.json,1ff814e6-7f85-4e81-ad9f-9aababb20e6d,161.937286,6,13,4,2
7,Label,4_C.json,e0153245-d5d9-449a-87f1-2a35d3239eef,47.9156532,2,9,6,2
7,P+SR,2_B.json,386be10f-0686-4118-928d-b57f06593b2f,69.14421,1,3,3,2
7,P+SR,2_B.json,19e8d0a8-02bf-4644-9732-e4190e13825e,57.39999,2,6,4,2
7,P+SR,2_B.json,95479aa7-9c98-49e4-817e-727302518dae,27.45103,1,3,3,1
7,P+SR,2_B.json,25c3ccdb-26c7-4109-bcfe-730434f9caa9,22.7298241,1,2,2,1
7,P+SR,2_B.json,fcee09b7-efa4-4e87-956e-553ee7bb3648,32.30564,1,2,2,1
7,P+SR,2_B.json,2a7b8c63-3775-4bbf-8841-7976b4ccf32f,38.5675621,1,4,4,2
7,P+SR,2_B.json,9e93766e-b621-4d6e-9927-173ac982bf3a,22.8067684,1,2,2,2
7,P+SR,2_B.json,b3a3afee-32b8-4986-b9e8-16227e2c7bd9,14.4317732,1,1,1,1
7,P+SR,2_B.json,1a84f2f7-1739-41af-94ae-9a3c6677e61d,36.5902023,1,3,3,2
7,P+SR,2_B.json,cd873fbb-fcc1-43bd-8f04-bb3b2d716af4,50.97749,1,6,6,2
7,P+SR,2_B.json,4f145d76-f69f-4547-90a7-56281733ca5b,23.5899487,1,2,2,2
7,P+SR,2_B.json,4fd86244-384f-4a69-adc8-6fd13c16422c,55.8498154,1,3,3,3
7,SR,1_A.json,2369c5c0-c4bb-4308-a9cd-05a64a69f91a,252.737854,5,23,6,2
7,SR,1_A.json,d58fe3c1-28a0-4e49-9e2f-e72569f6e61e,49.6049728,1,4,4,3
7,SR,1_A.json,0ebd3226-6abe-4b54-8d2f-6c4c8adc1978,29.2477646,2,3,2,2
7,SR,1_A.json,fe0ef0b0-c647-4b3a-b2f6-68a75133a566,17.3969555,1,1,1,1
7,SR,1_A.json,8aeed698-e7ee-41ef-bfe7-56f37e2232ab,117.841454,6,19,3,3
7,SR,1_A.json,137e922c-0877-46af-a797-5a32df2edf5d,127.0778,4,14,1,3
7,SR,1_A.json,f548cabb-2a47-4399-a702-f76d5d1336df,29.2013187,2,3,2,1
7,SR,1_A.json,81c1a60b-c8ac-4a16-b831-1df68863e61e,55.4495,3,6,3,2
7,SR,1_A.json,c87d383c-41db-4303-8615-9271bbf2465e,39.1232948,2,3,2,2
7,SR,1_A.json,e2dc0c9a-3e6f-40a4-b8c5-7289c1efe296,47.3660851,1,1,1,1
7,SR,1_A.json,7cbd6f03-54a0-426f-b4ea-d8e0ce58e276,183.3817,5,13,2,1
7,SR,1_A.json,eee4a904-a6ad-4369-970f-b656e1f59f12,67.14068,2,3,2,2
8,P+SR,2_A.json,eee4a904-a6ad-4369-970f-b656e1f59f12,158.698776,3,4,2,2
8,P+SR,2_A.json,8aeed698-e7ee-41ef-bfe7-56f37e2232ab,48.79654,1,3,3,3
8,P+SR,2_A.json,2369c5c0-c4bb-4308-a9cd-05a64a69f91a,61.9143677,2,9,6,2
8,P+SR,2_A.json,81c1a60b-c8ac-4a16-b831-1df68863e61e,81.96752,2,5,3,2
8,P+SR,2_A.json,137e922c-0877-46af-a797-5a32df2edf5d,32.07225,1,3,3,3
8,P+SR,2_A.json,c87d383c-41db-4303-8615-9271bbf2465e,53.48729,2,3,2,2
8,P+SR,2_A.json,e2dc0c9a-3e6f-40a4-b8c5-7289c1efe296,40.8980942,2,2,1,1
8,P+SR,2_A.json,f548cabb-2a47-4399-a702-f76d5d1336df,19.4952488,1,2,2,1
8,P+SR,2_A.json,0ebd3226-6abe-4b54-8d2f-6c4c8adc1978,45.6143761,2,3,2,2
8,P+SR,2_A.json,fe0ef0b0-c647-4b3a-b2f6-68a75133a566,21.4651775,1,1,1,1
8,P+SR,2_A.json,d58fe3c1-28a0-4e49-9e2f-e72569f6e61e,42.99614,3,7,4,3
8,P+SR,2_A.json,7cbd6f03-54a0-426f-b4ea-d8e0ce58e276,20.171423,1,2,2,1
8,Pointing,3_D.json,5dde3eac-8ee6-4821-99d4-f6e4ae5f7bd2,46.7096634,2,3,2,2
8,Pointing,3_D.json,b1e13b56-4030-40b3-a8c7-fbc4554e6c18,42.64353,2,6,4,2
8,Pointing,3_D.json,2d0b42ad-6703-463c-81b3-4ee4d0c8b347,40.1815338,1,1,1,1
8,Pointing,3_D.json,2e919b0d-6d84-4641-a535-930a7ca6c8b7,75.27791,3,6,3,3
8,Pointing,3_D.json,7aeefa77-f398-4a26-b615-e50c4d05ba64,31.8046284,2,3,2,2
8,Pointing,3_D.json,79dc7e7b-d1c7-4237-908d-f541b20406d4,48.5620728,1,1,1,1
8,Pointing,3_D.json,ae59cd40-20ff-4809-8cbb-87c7cc41665c,71.38476,3,9,4,2
8,Pointing,3_D.json,09ff7f59-f6d6-4c54-9955-f1b4bfd11225,50.9648132,1,3,3,1
8,Pointing,3_D.json,c78550a2-290e-4b94-98db-961c2110c668,43.31068,2,6,4,2
8,Pointing,3_D.json,40573e58-0087-4bb3-9ed7-d18a24a35b78,56.8682556,3,18,9,3
8,Pointing,3_D.json,bee10050-f98c-456a-a684-4435ee88ef00,50.5785,3,6,3,3
8,Pointing,3_D.json,fdf65cab-a9a0-4e5f-ac35-c3cff2196644,20.8774147,1,4,4,1
8,Label,4_C.json,4e23551b-4fd6-49d6-bc2b-c11836bf2a24,122.797,1,2,2,2
8,Label,4_C.json,e0153245-d5d9-449a-87f1-2a35d3239eef,93.0337448,1,6,6,2
8,Label,4_C.json,04f5e376-2845-485a-8cb1-c38e3858ff8a,75.03242,1,4,4,2
8,Label,4_C.json,7612d934-759d-4a55-9a58-ef65940b7162,42.6820564,1,3,3,3
8,Label,4_C.json,e81806f6-a4f2-4336-b77b-3407e101bc18,29.4217758,1,3,3,2
8,Label,4_C.json,b0e9f035-c92f-4dc6-bd0a-a10b2941f902,49.8661346,2,2,1,1
8,Label,4_C.json,1ff814e6-7f85-4e81-ad9f-9aababb20e6d,243.349426,2,8,4,2
8,Label,4_C.json,3bc363f5-3c91-4c51-8139-93034b21f3a9,54.5144424,1,1,1,1
8,Label,4_C.json,fd995852-c28d-49e9-97b5-9774af3241c3,53.2293167,1,6,6,3
8,Label,4_C.json,b594ae95-d981-4868-ae48-3f63eb87087a,36.5474358,1,4,4,2
8,Label,4_C.json,3d9e0045-08fb-4a50-b4e5-e4b24c3554c9,41.1132,2,4,2,1
8,Label,4_C.json,ff4748e2-cd97-45bb-bf2c-e5c9c33f78ac,28.80195,1,3,3,1
8,SR,1_B.json,1a84f2f7-1739-41af-94ae-9a3c6677e61d,45.16423,1,3,3,2
8,SR,1_B.json,386be10f-0686-4118-928d-b57f06593b2f,64.8200455,1,3,3,2
8,SR,1_B.json,b3a3afee-32b8-4986-b9e8-16227e2c7bd9,31.4507217,1,1,1,1
8,SR,1_B.json,25c3ccdb-26c7-4109-bcfe-730434f9caa9,138.361084,1,2,2,1
8,SR,1_B.json,4fd86244-384f-4a69-adc8-6fd13c16422c,315.609283,5,9,3,3
8,SR,1_B.json,19e8d0a8-02bf-4644-9732-e4190e13825e,179.995285,2,6,4,2
8,SR,1_B.json,cd873fbb-fcc1-43bd-8f04-bb3b2d716af4,75.55589,2,9,6,2
8,SR,1_B.json,95479aa7-9c98-49e4-817e-727302518dae,39.4660149,1,3,3,1
8,SR,1_B.json,2a7b8c63-3775-4bbf-8841-7976b4ccf32f,60.8645325,1,4,4,2
8,SR,1_B.json,4f145d76-f69f-4547-90a7-56281733ca5b,59.1780777,2,3,2,2
8,SR,1_B.json,fcee09b7-efa4-4e87-956e-553ee7bb3648,31.0892982,1,2,2,1
8,SR,1_B.json,9e93766e-b621-4d6e-9927-173ac982bf3a,60.6839523,2,3,2,2
9,P+SR,2_A.json,fe0ef0b0-c647-4b3a-b2f6-68a75133a566,27.42026,1,1,1,1
9,P+SR,2_A.json,f548cabb-2a47-4399-a702-f76d5d1336df,19.7946453,1,2,2,1
9,P+SR,2_A.json,d58fe3c1-28a0-4e49-9e2f-e72569f6e61e,49.74113,2,6,4,3
9,P+SR,2_A.json,e2dc0c9a-3e6f-40a4-b8c5-7289c1efe296,13.491334,1,1,1,1
9,P+SR,2_A.json,c87d383c-41db-4303-8615-9271bbf2465e,33.7986336,1,2,2,2
9,P+SR,2_A.json,7cbd6f03-54a0-426f-b4ea-d8e0ce58e276,21.8501186,1,2,2,1
9,P+SR,2_A.json,81c1a60b-c8ac-4a16-b831-1df68863e61e,56.55554,1,3,3,2
9,P+SR,2_A.json,0ebd3226-6abe-4b54-8d2f-6c4c8adc1978,48.7410965,1,2,2,2
9,P+SR,2_A.json,8aeed698-e7ee-41ef-bfe7-56f37e2232ab,114.323349,5,19,5,3
9,P+SR,2_A.json,2369c5c0-c4bb-4308-a9cd-05a64a69f91a,40.5930939,1,6,6,2
9,P+SR,2_A.json,eee4a904-a6ad-4369-970f-b656e1f59f12,23.0844669,1,2,2,2
9,P+SR,2_A.json,137e922c-0877-46af-a797-5a32df2edf5d,39.00844,1,3,3,3
9,SR,1_D.json,2d0b42ad-6703-463c-81b3-4ee4d0c8b347,159.329269,3,8,1,1
9,SR,1_D.json,bee10050-f98c-456a-a684-4435ee88ef00,351.6704,4,7,3,3
9,SR,1_D.json,c78550a2-290e-4b94-98db-961c2110c668,395.7755,11,32,4,2
9,SR,1_D.json,40573e58-0087-4bb3-9ed7-d18a24a35b78,144.659119,5,32,9,3
9,SR,1_D.json,b1e13b56-4030-40b3-a8c7-fbc4554e6c18,104.3104,4,14,5,2
9,SR,1_D.json,7aeefa77-f398-4a26-b615-e50c4d05ba64,102.436752,5,12,3,2
9,SR,1_D.json,09ff7f59-f6d6-4c54-9955-f1b4bfd11225,110.946716,5,22,11,1
9,SR,1_D.json,2e919b0d-6d84-4641-a535-930a7ca6c8b7,36.4796829,1,3,3,3
9,SR,1_D.json,79dc7e7b-d1c7-4237-908d-f541b20406d4,26.81619,1,1,1,1
9,SR,1_D.json,ae59cd40-20ff-4809-8cbb-87c7cc41665c,155.410263,5,27,7,2
9,SR,1_D.json,fdf65cab-a9a0-4e5f-ac35-c3cff2196644,213.239731,7,18,3,1
9,SR,1_D.json,5dde3eac-8ee6-4821-99d4-f6e4ae5f7bd2,173.94133,5,14,3,2
9,Pointing,3_C.json,b594ae95-d981-4868-ae48-3f63eb87087a,31.2441826,4,10,4,2
9,Pointing,3_C.json,3bc363f5-3c91-4c51-8139-93034b21f3a9,12.635026,1,1,1,1
9,Pointing,3_C.json,3d9e0045-08fb-4a50-b4e5-e4b24c3554c9,17.8195152,1,2,2,1
9,Pointing,3_C.json,1ff814e6-7f85-4e81-ad9f-9aababb20e6d,35.717617,2,6,4,2
9,Pointing,3_C.json,b0e9f035-c92f-4dc6-bd0a-a10b2941f902,12.2429934,1,1,1,1
9,Pointing,3_C.json,ff4748e2-cd97-45bb-bf2c-e5c9c33f78ac,26.3888836,1,3,3,1
9,Pointing,3_C.json,7612d934-759d-4a55-9a58-ef65940b7162,35.2758636,3,6,3,3
9,Pointing,3_C.json,fd995852-c28d-49e9-97b5-9774af3241c3,33.58145,3,12,6,3
9,Pointing,3_C.json,e0153245-d5d9-449a-87f1-2a35d3239eef,42.35805,2,9,6,2
9,Pointing,3_C.json,04f5e376-2845-485a-8cb1-c38e3858ff8a,24.6296539,2,6,4,2
9,Pointing,3_C.json,4e23551b-4fd6-49d6-bc2b-c11836bf2a24,37.9173622,2,3,2,2
9,Pointing,3_C.json,e81806f6-a4f2-4336-b77b-3407e101bc18,22.5480118,2,5,3,2
9,Label,4_B.json,25c3ccdb-26c7-4109-bcfe-730434f9caa9,37.41612,1,2,2,1
9,Label,4_B.json,cd873fbb-fcc1-43bd-8f04-bb3b2d716af4,88.3055344,3,13,5,2
9,Label,4_B.json,386be10f-0686-4118-928d-b57f06593b2f,128.361908,4,10,3,2
9,Label,4_B.json,4f145d76-f69f-4547-90a7-56281733ca5b,26.33249,1,2,2,2
9,Label,4_B.json,2a7b8c63-3775-4bbf-8841-7976b4ccf32f,93.27891,3,8,4,2
9,Label,4_B.json,fcee09b7-efa4-4e87-956e-553ee7bb3648,41.617527,1,2,2,1
9,Label,4_B.json,95479aa7-9c98-49e4-817e-727302518dae,29.3057785,1,3,3,1
9,Label,4_B.json,b3a3afee-32b8-4986-b9e8-16227e2c7bd9,16.0726452,1,1,1,1
9,Label,4_B.json,4fd86244-384f-4a69-adc8-6fd13c16422c,62.9754257,1,3,3,3
9,Label,4_B.json,1a84f2f7-1739-41af-94ae-9a3c6677e61d,33.3468628,1,3,3,2
9,Label,4_B.json,9e93766e-b621-4d6e-9927-173ac982bf3a,22.10216,1,2,2,2
9,Label,4_B.json,19e8d0a8-02bf-4644-9732-e4190e13825e,75.90541,2,8,4,2
