subj_metric,obj_metric,n,spearman_rho,spearman_p,pearson_r,pearson_p,spearman_p_holm,spearman_p_bh,pearson_p_holm,pearson_p_bh
SUS_mean,logT_mean,4,-0.6000000000000001,0.3999999999999999,-0.8692920265887147,0.13070797341128526,1.0,0.6736842105263157,1.0,0.40493858015265766
SUS_mean,logT_median,4,-0.6000000000000001,0.3999999999999999,-0.9190642453524286,0.0809357546475713,1.0,0.6736842105263157,1.0,0.36999202124604025
SUS_mean,T_task_sec_mean,4,-0.6000000000000001,0.3999999999999999,-0.8270317478594146,0.1729682521405853,1.0,0.6736842105263157,1.0,0.4427987254798984
SUS_mean,T_task_sec_median,4,-0.6000000000000001,0.3999999999999999,-0.8974967809481321,0.10250321905186777,1.0,0.6736842105263157,1.0,0.38589447172467867
SUS_mean,N_cmds_mean,4,-0.39999999999999997,0.6,-0.40142376084331205,0.598576239156688,1.0,0.7384615384615384,1.0,0.744912903573819
SUS_mean,N_cmds_median,4,-0.316227766016838,0.683772233983162,-0.3139105989859282,0.6860894010140717,1.0,0.7814539816950423,1.0,0.7841021725875105
SUS_mean,N_actuations_mean,4,-0.39999999999999997,0.6,-0.6088731701971758,0.3911268298028241,1.0,0.7384615384615384,1.0,0.6258029276845185
SUS_mean,N_actuations_median,4,-0.19999999999999998,0.8,0.1362252850872927,0.8637747149127073,1.0,0.8258064516129032,1.0,0.9493800033871342
SUS_median,logT_mean,4,-0.6000000000000001,0.3999999999999999,-0.7722011798824597,0.22779882011754027,1.0,0.6736842105263157,1.0,0.48597081625075256
SUS_median,logT_median,4,-0.6000000000000001,0.3999999999999999,-0.8366997207702369,0.1633002792297631,1.0,0.6736842105263157,1.0,0.44237837567158894
SUS_median,T_task_sec_mean,4,-0.6000000000000001,0.3999999999999999,-0.7232376338939089,0.27676236610609095,1.0,0.6736842105263157,1.0,0.5367512554784795
SUS_median,T_task_sec_median,4,-0.6000000000000001,0.3999999999999999,-0.8099263780132404,0.1900736219867596,1.0,0.6736842105263157,1.0,0.4505448817463931
SUS_median,N_cmds_mean,4,-0.39999999999999997,0.6,-0.42597851169921624,0.5740214883007837,1.0,0.7384615384615384,1.0,0.744912903573819
SUS_median,N_cmds_median,4,-0.316227766016838,0.683772233983162,-0.33570406630727107,0.664295933692729,1.0,0.7814539816950423,1.0,0.7729989046606301
SUS_median,N_actuations_mean,4,-0.39999999999999997,0.6,-0.6238073369387147,0.3761926630612853,1.0,0.7384615384615384,1.0,0.6173418060492887
SUS_median,N_actuations_median,4,-0.19999999999999998,0.8,0.06273323266748673,0.9372667673325132,1.0,0.8258064516129032,1.0,0.9926080321259216
TAM_Total_mean,logT_mean,4,-0.6000000000000001,0.3999999999999999,-0.8341081091231541,0.16589189087684586,1.0,0.6736842105263157,1.0,0.44237837567158894
TAM_Total_mean,logT_median,4,-0.6000000000000001,0.3999999999999999,-0.8854450264120987,0.11455497358790145,1.0,0.6736842105263157,1.0,0.40493858015265766
TAM_Total_mean,T_task_sec_mean,4,-0.6000000000000001,0.3999999999999999,-0.7965505176278158,0.2034494823721842,1.0,0.6736842105263157,1.0,0.46502738827927814
TAM_Total_mean,T_task_sec_median,4,-0.6000000000000001,0.3999999999999999,-0.8671295283874092,0.1328704716125908,1.0,0.6736842105263157,1.0,0.40493858015265766
TAM_Total_mean,N_cmds_mean,4,-0.39999999999999997,0.6,-0.5029700823104464,0.4970299176895536,1.0,0.7384615384615384,1.0,0.7397654588867775
TAM_Total_mean,N_cmds_median,4,-0.316227766016838,0.683772233983162,-0.4179557148601801,0.58204428513982,1.0,0.7814539816950423,1.0,0.744912903573819
TAM_Total_mean,N_actuations_mean,4,-0.39999999999999997,0.6,-0.6935815382354227,0.3064184617645773,1.0,0.7384615384615384,1.0,0.5603080443695129
TAM_Total_mean,N_actuations_median,4,-0.19999999999999998,0.8,0.00877099819745053,0.9912290018025494,1.0,0.8258064516129032,1.0,0.9926080321259216
TAM_Total_median,logT_mean,4,-0.6000000000000001,0.3999999999999999,-0.7742242718541424,0.22577572814585745,1.0,0.6736842105263157,1.0,0.48597081625075256
TAM_Total_median,logT_median,4,-0.6000000000000001,0.3999999999999999,-0.8362506471979876,0.16374935280201242,1.0,0.6736842105263157,1.0,0.44237837567158894
TAM_Total_median,T_task_sec_mean,4,-0.6000000000000001,0.3999999999999999,-0.7291507849525857,0.2708492150474142,1.0,0.6736842105263157,1.0,0.5367512554784795
TAM_Total_median,T_task_sec_median,4,-0.6000000000000001,0.3999999999999999,-0.812280069578095,0.18771993042190505,1.0,0.6736842105263157,1.0,0.4505448817463931
TAM_Total_median,N_cmds_mean,4,-0.39999999999999997,0.6,-0.4714072099316493,0.5285927900683507,1.0,0.7384615384615384,1.0,0.744912903573819
TAM_Total_median,N_cmds_median,4,-0.316227766016838,0.683772233983162,-0.3831190017279311,0.6168809982720689,1.0,0.7814539816950423,1.0,0.744912903573819
TAM_Total_median,N_actuations_mean,4,-0.39999999999999997,0.6,-0.662515370152531,0.33748462984746896,1.0,0.7384615384615384,1.0,0.5999726752843892
TAM_Total_median,N_actuations_median,4,-0.19999999999999998,0.8,0.014051098399730011,0.98594890160027,1.0,0.8258064516129032,1.0,0.9926080321259216
TPA_Total_mean,logT_mean,4,-1.0,0.0,-0.9891260583586452,0.0108739416413548,0.0,0.0,0.652436498481288,0.11889332968920978
TPA_Total_mean,logT_median,4,-1.0,0.0,-0.9977558069764932,0.0022441930235066465,0.0,0.0,0.14362835350442538,0.059765191408267526
TPA_Total_mean,T_task_sec_mean,4,-1.0,0.0,-0.9750168214327332,0.02498317856726695,0.0,0.0,1.0,0.1998654285381356
TPA_Total_mean,T_task_sec_median,4,-1.0,0.0,-0.9963970922139901,0.0036029077860098013,0.0,0.0,0.22338028273260768,0.059765191408267526
TPA_Total_mean,N_cmds_mean,4,-0.39999999999999997,0.6,-0.4389248278199357,0.5610751721800642,1.0,0.7384615384615384,1.0,0.744912903573819
TPA_Total_mean,N_cmds_median,4,-0.10540925533894598,0.894590744661054,-0.37063272392660024,0.6293672760733997,1.0,0.894590744661054,1.0,0.7459167716425478
TPA_Total_mean,N_actuations_mean,4,-0.39999999999999997,0.6,-0.6278868583446251,0.3721131416553749,1.0,0.7384615384615384,1.0,0.6173418060492887
TPA_Total_mean,N_actuations_median,4,0.19999999999999998,0.8,0.13807390520581347,0.8619260947941865,1.0,0.8258064516129032,1.0,0.9493800033871342
TPA_Total_median,logT_mean,4,-1.0,0.0,-0.9888537503416367,0.011146249658363416,0.0,0.0,0.6576287298434416,0.11889332968920978
TPA_Total_median,logT_median,4,-1.0,0.0,-0.9969144015276525,0.0030855984723474617,0.0,0.0,0.19439270375789008,0.059765191408267526
TPA_Total_median,T_task_sec_mean,4,-1.0,0.0,-0.9757346102811784,0.02426538971882164,0.0,0.0,1.0,0.1998654285381356
TPA_Total_median,T_task_sec_median,4,-1.0,0.0,-0.9962646755369833,0.0037353244630167204,0.0,0.0,0.22785479224401994,0.059765191408267526
TPA_Total_median,N_cmds_mean,4,-0.39999999999999997,0.6,-0.45092552242159956,0.5490744775784004,1.0,0.7384615384615384,1.0,0.744912903573819
TPA_Total_median,N_cmds_median,4,-0.10540925533894598,0.894590744661054,-0.3831580947480139,0.6168419052519862,1.0,0.894590744661054,1.0,0.744912903573819
TPA_Total_median,N_actuations_mean,4,-0.39999999999999997,0.6,-0.6380140568173264,0.3619859431826735,1.0,0.7384615384615384,1.0,0.6173418060492887
TPA_Total_median,N_actuations_median,4,0.19999999999999998,0.8,0.12479030937748549,0.8752096906225144,1.0,0.8258064516129032,1.0,0.9493800033871342
NASA_Overall_mean,logT_mean,4,0.7999999999999999,0.20000000000000007,0.9248031895372615,0.07519681046273852,1.0,0.6400000000000002,1.0,0.36999202124604025
NASA_Overall_mean,logT_median,4,0.7999999999999999,0.20000000000000007,0.9538777906310281,0.046122209368971934,1.0,0.6400000000000002,1.0,0.32798015551268933
NASA_Overall_mean,T_task_sec_mean,4,0.7999999999999999,0.20000000000000007,0.9025340839598491,0.09746591604015098,1.0,0.6400000000000002,1.0,0.38589447172467867
NASA_Overall_mean,T_task_sec_median,4,0.7999999999999999,0.20000000000000007,0.9467677078285733,0.053232292171426554,1.0,0.6400000000000002,1.0,0.33242965285719284
NASA_Overall_mean,N_cmds_mean,4,0.7999999999999999,0.20000000000000007,0.5402356500689661,0.45976434993103377,1.0,0.6400000000000002,1.0,0.7176809364777113
NASA_Overall_mean,N_cmds_median,4,0.632455532033676,0.367544467966324,0.4640457581117953,0.5359542418882046,1.0,0.6736842105263157,1.0,0.744912903573819
NASA_Overall_mean,N_actuations_mean,4,0.7999999999999999,0.20000000000000007,0.7249879348556761,0.27501206514432397,1.0,0.6400000000000002,1.0,0.5367512554784795
NASA_Overall_mean,N_actuations_median,4,0.39999999999999997,0.6,-0.007391967874078309,0.9926080321259216,1.0,0.7384615384615384,1.0,0.9926080321259216
NASA_Overall_median,logT_mean,4,0.7999999999999999,0.20000000000000007,0.9067445010767156,0.09325549892328455,1.0,0.6400000000000002,1.0,0.38589447172467867
NASA_Overall_median,logT_median,4,0.7999999999999999,0.20000000000000007,0.9428636534151699,0.05713634658483002,1.0,0.6400000000000002,1.0,0.33242965285719284
NASA_Overall_median,T_task_sec_mean,4,0.7999999999999999,0.20000000000000007,0.8785505478409199,0.1214494521590801,1.0,0.6400000000000002,1.0,0.40493858015265766
NASA_Overall_median,T_task_sec_median,4,0.7999999999999999,0.20000000000000007,0.9314939195688067,0.06850608043119344,1.0,0.6400000000000002,1.0,0.36536576229969836
NASA_Overall_median,N_cmds_mean,4,0.7999999999999999,0.20000000000000007,0.5120327512833197,0.4879672487166804,1.0,0.6400000000000002,1.0,0.7397654588867775
NASA_Overall_median,N_cmds_median,4,0.632455532033676,0.367544467966324,0.4321427793809733,0.5678572206190267,1.0,0.6736842105263157,1.0,0.744912903573819
NASA_Overall_median,N_actuations_mean,4,0.7999999999999999,0.20000000000000007,0.7027459496122086,0.2972540503877914,1.0,0.6400000000000002,1.0,0.5595370360240779
NASA_Overall_median,N_actuations_median,4,0.39999999999999997,0.6,-0.03159970293818065,0.9684002970618193,1.0,0.7384615384615384,1.0,0.9926080321259216
