participant,condition,T_task_sec,logT_task,N_cmds,N_actuations,n_devices_final,n_colors_required,avg_cmd_time
1,Label,37.110132,3.613392901846496,1.0,3.5,3.0,2.0,21.8150875
1,P+SR,29.34043355,3.3786413487036366,1.0,3.0,3.0,2.0,29.34043355
1,Pointing,35.3628968,3.5655841505098067,2.0,5.5,3.0,2.0,17.399825183333334
1,SR,53.02343735,3.9696908456817206,2.0,3.0,2.0,2.0,28.4106315
2,P+SR,24.1361475,3.1836088372650413,1.5,3.0,3.0,2.0,19.728040999999997
2,Pointing,19.24118,2.957044670558795,2.0,5.5,3.0,2.0,11.3441763
2,SR,63.921052,4.144987515505927,2.0,3.5,3.5,2.0,29.42615666666667
3,Label,67.67966,4.211635122272728,3.0,6.5,3.0,2.0,23.917264433333333
3,P+SR,38.97657965,3.662296549294485,1.0,3.0,3.0,2.0,38.97657965
3,Pointing,38.49320985,3.6492084167552363,2.0,3.0,2.0,2.0,19.246604925
3,SR,97.60212,4.5807947417153585,2.5,7.5,4.5,2.0,46.881040541666664
4,Label,66.34481,4.194814796565517,1.0,3.5,3.0,2.0,55.042997799999995
4,P+SR,33.93081665,3.5123665697161965,1.0,3.0,3.0,2.0,26.341651
4,Pointing,31.81588745,3.456161627687345,2.0,5.0,3.0,2.0,17.612830175
4,SR,67.367615,4.2083648475175615,2.0,3.5,2.5,2.0,27.582837505555556
5,Label,35.2947197,3.56155962773249,2.0,4.5,2.0,2.0,19.028836425
5,P+SR,26.17894455,3.2647970590593074,1.0,3.5,3.0,2.0,22.468305575000002
5,Pointing,28.470276849999998,3.348850464292764,2.0,5.5,3.0,2.0,14.374117824999999
5,SR,39.11663059999999,3.666543755933075,1.0,3.0,2.0,2.0,29.672868333333334
6,Label,46.216809,3.8326039109459655,1.0,3.0,3.0,2.0,46.216809
6,P+SR,69.4239977,4.240229809858334,3.0,8.5,3.0,2.0,22.762729691666667
6,Pointing,27.5982361,3.314989213748185,2.0,5.0,3.0,2.0,12.996520499999999
6,SR,61.741683300000005,4.121728316166701,1.5,3.5,2.0,2.0,47.65316249999999
7,Label,87.81042500000001,4.463452368955549,2.5,7.5,3.0,2.0,26.888900749999998
7,P+SR,34.44792115,3.5375111679187383,1.0,3.0,3.0,2.0,30.5028175
7,Pointing,41.9771767,3.7365006626788104,2.0,5.0,3.0,2.0,23.9493904
7,SR,52.5272364,3.959781891696532,2.0,3.5,2.0,2.0,25.704846166666666
8,Label,51.547725650000004,3.9419757086926634,1.0,3.5,3.0,2.0,47.955686549999996
8,P+SR,44.30525805,3.7906666382039518,2.0,3.0,2.0,2.0,24.775416525
8,Pointing,47.635868099999996,3.863396949750163,2.0,5.0,3.0,2.0,22.50508585
8,SR,60.774242400000006,4.107164950872615,1.0,3.0,3.0,2.0,42.315122450000004
9,Label,39.5168235,3.6753115141269483,1.0,3.0,3.0,2.0,31.5917235
9,P+SR,36.4035368,3.5920992043045255,1.0,2.0,2.0,2.0,26.1454125
9,Pointing,28.8165331,3.3573880238852434,2.0,5.5,3.0,2.0,12.474926475
9,SR,150.034691,5.0102242747420345,5.0,14.0,3.0,2.0,30.772435657142857
10,Label,29.239619249999997,3.370263401205035,1.5,3.5,3.0,2.0,19.896491666666666
10,P+SR,25.26997565,3.2285211862958043,1.0,2.0,2.0,2.0,20.91924285
10,Pointing,24.42605495,3.193317123649945,2.0,5.0,3.0,2.0,13.650622008333333
10,SR,65.73001735,4.18495460026846,3.0,6.0,3.5,2.0,21.3524621875
11,Label,58.04819295,4.0611744719503085,3.0,6.5,2.5,2.0,19.568560366666667
11,P+SR,28.2876396,3.3405341441907095,1.5,3.0,3.0,2.0,17.755960299999998
11,Pointing,36.44527895,3.5952028681869153,2.0,5.5,3.0,2.0,21.296398175
11,SR,59.93359615,4.09082805577704,3.0,7.0,3.5,2.0,21.119874791666668
12,Label,40.9228897,3.7116687260704095,1.5,3.5,2.0,2.0,36.713039374999994
12,P+SR,44.0569322,3.7841087245172687,1.0,3.5,3.0,2.0,33.5135193
12,Pointing,37.41796685,3.619682988579988,2.0,4.5,3.0,2.0,20.374337175
12,SR,133.856979,4.896771909062829,2.0,6.0,3.0,2.0,44.618992999999996
13,Label,77.26231235,4.343756499211608,2.5,6.0,3.0,2.0,27.21476345
13,P+SR,60.9149933,4.109478834321887,1.0,3.0,3.0,2.0,60.9149933
13,Pointing,55.6782913,4.018360115514538,2.0,3.0,2.0,2.0,28.970635233333333
13,SR,179.5834655,5.184548778830953,2.0,5.0,3.0,2.0,66.20991106666666
14,Label,34.003858550000004,3.5263945942402355,1.0,3.5,3.0,2.0,21.85582531111111
14,P+SR,38.289874999999995,3.6440568149833066,1.0,2.5,2.0,2.0,30.3391285
14,Pointing,24.66273975,3.2007000867893094,2.0,4.0,3.0,2.0,12.6185241
14,SR,76.357225,4.332183355184536,3.5,8.0,3.0,2.0,18.4072655
15,Label,54.81072,4.0038822485379235,2.0,3.0,2.5,2.0,36.66685295
15,P+SR,44.3549479,3.791869202642614,1.0,3.0,3.0,2.0,29.05878355
15,Pointing,46.58626365,3.8326930097350935,2.0,4.0,3.0,2.0,26.86345005
15,SR,80.67150495,4.389002999374994,2.0,5.5,3.5,2.0,31.517884958333333
16,Label,41.286313199999995,3.7204638521349502,1.5,5.0,3.0,2.0,30.889444325
16,P+SR,23.1499443,3.1408109998415776,1.0,3.0,3.0,2.0,20.50295355
16,Pointing,24.15831755,3.1836031704752186,2.0,3.0,2.0,2.0,13.915787224999999
16,SR,69.58829,4.239425794887026,2.0,4.5,2.5,2.0,32.7395745
17,Label,55.39857485,4.014161734850573,2.5,4.5,2.5,2.0,19.5687370375
17,P+SR,31.080024700000003,3.4317860221538257,1.0,3.0,3.0,2.0,22.33872985
17,Pointing,29.6255207,3.387963205289732,2.0,5.0,3.0,2.0,16.7628721
17,SR,59.001661,4.07064957919324,2.0,4.5,3.0,2.0,25.34026845
18,Label,42.186679850000004,3.7396624791660744,2.0,3.5,3.0,2.0,26.616931
18,P+SR,29.0701523,3.3681886188247407,1.0,3.0,3.0,2.0,29.0701523
18,Pointing,25.444139,3.2363766414790422,2.0,3.0,2.0,2.0,14.255957125
18,SR,54.7119566,4.001676333579122,1.0,3.0,2.5,2.0,37.3066932
19,Label,48.91708775,3.8900014632541273,2.0,5.0,3.0,2.0,25.502458975
19,P+SR,23.4566116,3.1544566929200153,1.0,4.0,3.0,2.0,21.80559155
19,Pointing,32.0068491,3.4632735157407675,2.0,5.5,3.0,2.0,17.9245247
19,SR,36.9146624,3.6083910699055854,2.0,3.0,2.0,2.0,17.50234555
20,Label,90.216105,4.501530926172151,2.0,6.0,3.0,2.0,45.27681
20,P+SR,37.973565,3.633584019090446,1.0,2.0,2.0,2.0,34.2048824
20,Pointing,36.9626971,3.605252065873777,2.0,6.0,3.0,2.0,25.125808166666665
20,SR,90.6729827,4.507250077914669,2.0,4.0,3.0,2.0,46.82278635
21,Label,72.989,4.283182148807915,1.0,3.5,3.0,2.0,56.30721543333334
21,P+SR,80.30791769999999,4.3858682091488115,1.0,3.5,3.0,2.0,51.01197248333334
21,Pointing,37.2990608,3.6187004861924743,2.5,5.5,2.5,2.0,20.8205185
21,SR,96.13899625,4.563744008446002,1.0,4.0,3.5,2.0,66.60084325
22,Label,40.890505000000005,3.7096421115221068,1.0,3.5,3.0,2.0,36.6320312
22,P+SR,37.329700450000004,3.6122777101742836,1.0,3.0,3.0,2.0,37.329700450000004
22,Pointing,59.59526725,4.087148639422827,2.0,4.0,3.0,2.0,39.317598325000006
22,SR,63.105976,4.144793458113812,2.0,3.5,2.5,2.0,36.829177825
23,Label,63.06192659999999,4.14129986374196,1.5,4.5,3.0,2.0,47.89435999999999
23,P+SR,39.275565,3.6583660863603362,1.0,3.5,3.0,2.0,32.959133949999995
23,Pointing,34.54595125,3.5417018138993765,2.0,3.0,2.0,2.0,18.657626825
23,SR,61.12376695,4.1108303802504675,2.0,4.5,3.0,2.0,33.616420000000005
24,Label,63.3633966,4.397449710228132,1.0,3.0,3.0,2.0,44.824350933333335
24,P+SR,41.977073000000004,3.737111734489469,1.0,2.0,2.0,2.0,33.648471825
24,Pointing,23.9719601,3.1767334621366903,2.0,3.5,2.5,2.0,19.545190650000002
24,SR,47.41452285,3.8548651978692314,1.0,3.5,3.5,2.0,47.41452285
