row_id,participant,condition,SUS,NASA_Mental,NASA_Physical,NASA_Temporal,NASA_Performance,NASA_Effort,NASA_Frustration,NASA_Overall,TAM_PEOU,TAM_PU,TAM,TPA
1,P1,SR,45.0,13.0,15.0,10.0,15.0,16.0,13.0,13.666666666666666,2.8333333333333335,3.6666666666666665,3.25,4.166666666666667
2,P1,P+SR,65.0,8.0,12.0,8.0,17.0,15.0,7.0,11.166666666666666,4.666666666666667,4.5,4.583333333333333,5.416666666666667
3,P1,Pointing,72.5,11.0,13.0,8.0,18.0,13.0,11.0,12.333333333333334,5.333333333333333,4.166666666666667,4.75,5.583333333333333
4,P1,Label,55.0,15.0,13.0,13.0,15.0,14.0,12.0,13.666666666666666,4.666666666666667,4.5,4.583333333333333,5.75
5,P10,SR,40.0,17.0,17.0,5.0,7.0,11.0,21.0,13.0,4.333333333333333,2.8333333333333335,3.5833333333333335,2.3333333333333335
6,P10,P+SR,97.5,1.0,1.0,1.0,21.0,1.0,1.0,4.333333333333333,7.0,7.0,7.0,6.833333333333333
7,P10,Pointing,100.0,1.0,14.0,1.0,21.0,12.0,2.0,8.5,6.666666666666667,7.0,6.833333333333333,7.0
8,P10,Label,62.5,11.0,4.0,4.0,21.0,14.0,1.0,9.166666666666666,5.0,6.0,5.5,6.833333333333333
9,P11,SR,62.5,3.0,6.0,4.0,13.0,6.0,5.0,6.166666666666667,5.0,6.0,5.5,4.5
10,P11,P+SR,87.5,2.0,2.0,2.0,19.0,3.0,2.0,5.0,6.333333333333333,6.0,6.166666666666667,6.083333333333333
11,P11,Pointing,67.5,5.0,4.0,2.0,18.0,8.0,2.0,6.5,5.0,6.0,5.5,5.416666666666667
12,P11,Label,62.5,11.0,8.0,6.0,12.0,15.0,13.0,10.833333333333334,4.666666666666667,5.0,4.833333333333333,4.5
13,P12,SR,22.5,19.0,14.0,1.0,1.0,17.0,20.0,12.0,3.8333333333333335,4.833333333333333,4.333333333333333,2.5833333333333335
14,P12,P+SR,90.0,1.0,1.0,1.0,21.0,8.0,3.0,5.833333333333333,7.0,7.0,7.0,7.0
15,P12,Pointing,100.0,3.0,3.0,1.0,21.0,5.0,1.0,5.666666666666667,7.0,7.0,7.0,7.0
16,P12,Label,55.0,10.0,1.0,1.0,15.0,1.0,15.0,7.166666666666667,6.166666666666667,6.0,6.083333333333333,6.583333333333333
17,P13,SR,57.5,8.0,16.0,6.0,13.0,5.0,11.0,9.833333333333334,4.166666666666667,3.1666666666666665,3.6666666666666665,5.583333333333333
18,P13,P+SR,87.5,4.0,8.0,1.0,17.0,5.0,2.0,6.166666666666667,6.166666666666667,5.833333333333333,6.0,6.833333333333333
19,P13,Pointing,70.0,6.0,13.0,7.0,14.0,4.0,8.0,8.666666666666666,6.166666666666667,4.833333333333333,5.5,6.25
20,P13,Label,22.5,19.0,21.0,15.0,8.0,17.0,16.0,16.0,2.5,2.6666666666666665,2.5833333333333335,4.75
21,P14,SR,57.5,11.0,7.0,8.0,15.0,18.0,16.0,12.5,5.666666666666667,5.166666666666667,5.416666666666667,6.0
22,P14,P+SR,62.5,16.0,17.0,7.0,14.0,10.0,10.0,12.333333333333334,4.666666666666667,5.166666666666667,4.916666666666667,5.583333333333333
23,P14,Pointing,70.0,14.0,19.0,7.0,19.0,14.0,7.0,13.333333333333334,6.333333333333333,4.666666666666667,5.5,5.666666666666667
24,P14,Label,40.0,18.0,7.0,7.0,17.0,18.0,18.0,14.166666666666666,5.333333333333333,6.333333333333333,5.833333333333333,5.416666666666667
25,P15,SR,37.5,14.0,14.0,10.0,5.0,15.0,8.0,11.0,2.8333333333333335,5.833333333333333,4.333333333333333,3.8333333333333335
26,P15,P+SR,72.5,6.0,12.0,9.0,16.0,11.0,12.0,11.0,6.0,6.0,6.0,5.5
27,P15,Pointing,90.0,7.0,15.0,9.0,16.0,4.0,12.0,10.5,4.666666666666667,5.0,4.833333333333333,5.666666666666667
28,P15,Label,37.5,18.0,15.0,17.0,8.0,17.0,19.0,15.666666666666666,3.8333333333333335,2.8333333333333335,3.3333333333333335,3.5
29,P16,SR,60.0,13.0,9.0,7.0,12.0,13.0,9.0,10.5,5.0,4.333333333333333,4.666666666666667,4.0
30,P16,P+SR,87.5,5.0,11.0,7.0,18.0,6.0,8.0,9.166666666666666,5.333333333333333,4.833333333333333,5.083333333333333,5.5
31,P16,Pointing,62.5,10.0,10.0,7.0,15.0,8.0,10.0,10.0,5.166666666666667,5.0,5.083333333333333,4.416666666666667
32,P16,Label,67.5,6.0,15.0,7.0,17.0,13.0,8.0,11.0,4.0,4.333333333333333,4.166666666666667,4.333333333333333
33,P17,SR,60.0,11.0,9.0,3.0,12.0,13.0,8.0,9.333333333333334,4.166666666666667,4.333333333333333,4.25,4.75
34,P17,P+SR,87.5,3.0,6.0,3.0,17.0,7.0,5.0,6.833333333333333,6.166666666666667,6.333333333333333,6.25,5.833333333333333
35,P17,Pointing,75.0,4.0,5.0,6.0,15.0,7.0,5.0,7.0,5.333333333333333,5.833333333333333,5.583333333333333,5.666666666666667
36,P17,Label,45.0,13.0,7.0,7.0,8.0,14.0,12.0,10.166666666666666,2.6666666666666665,3.8333333333333335,3.25,4.583333333333333
37,P18,SR,47.5,18.0,1.0,10.0,9.0,20.0,10.0,11.333333333333334,4.5,5.0,4.75,5.166666666666667
38,P18,P+SR,97.5,3.0,4.0,1.0,21.0,4.0,1.0,5.666666666666667,7.0,5.0,6.0,6.75
39,P18,Pointing,85.0,1.0,10.0,1.0,21.0,10.0,5.0,8.0,6.166666666666667,3.8333333333333335,5.0,7.0
40,P18,Label,42.5,15.0,7.0,5.0,21.0,21.0,10.0,13.166666666666666,2.3333333333333335,2.0,2.1666666666666665,4.333333333333333
41,P19,SR,35.0,15.0,15.0,1.0,7.0,7.0,15.0,10.0,1.6666666666666667,1.0,1.3333333333333333,3.5833333333333335
42,P19,P+SR,75.0,1.0,3.0,1.0,15.0,3.0,3.0,4.333333333333333,6.333333333333333,7.0,6.666666666666667,5.833333333333333
43,P19,Pointing,60.0,5.0,3.0,2.0,15.0,5.0,7.0,6.166666666666667,5.333333333333333,5.0,5.166666666666667,4.75
44,P19,Label,42.5,7.0,1.0,1.0,11.0,5.0,3.0,4.666666666666667,2.8333333333333335,2.3333333333333335,2.5833333333333335,4.25
45,P2,SR,32.5,21.0,18.0,6.0,10.0,21.0,10.0,14.333333333333334,3.1666666666666665,3.8333333333333335,3.5,3.6666666666666665
46,P2,P+SR,100.0,2.0,2.0,1.0,19.0,9.0,1.0,5.666666666666667,7.0,7.0,7.0,7.0
47,P2,Pointing,100.0,4.0,4.0,2.0,21.0,10.0,1.0,7.0,7.0,7.0,7.0,7.0
48,P2,Label,60.0,15.0,7.0,6.0,21.0,18.0,7.0,12.333333333333334,4.166666666666667,3.3333333333333335,3.75,5.833333333333333
49,P20,SR,85.0,8.0,11.0,2.0,13.0,5.0,6.0,7.5,6.5,6.166666666666667,6.333333333333333,5.916666666666667
50,P20,P+SR,95.0,3.0,13.0,3.0,15.0,2.0,2.0,6.333333333333333,6.0,5.333333333333333,5.666666666666667,6.25
51,P20,Pointing,57.5,13.0,17.0,7.0,18.0,3.0,12.0,11.666666666666666,4.5,1.8333333333333333,3.1666666666666665,5.75
52,P20,Label,17.5,18.0,15.0,13.0,12.0,17.0,20.0,15.833333333333334,2.8333333333333335,2.0,2.4166666666666665,3.5833333333333335
53,P21,SR,60.0,16.0,18.0,4.0,13.0,3.0,15.0,11.5,4.666666666666667,4.833333333333333,4.75,3.1666666666666665
54,P21,P+SR,57.5,7.0,19.0,6.0,19.0,10.0,10.0,11.833333333333334,6.0,6.0,6.0,5.916666666666667
55,P21,Pointing,72.5,15.0,7.0,4.0,13.0,7.0,4.0,8.333333333333334,5.0,5.333333333333333,5.166666666666667,6.75
56,P21,Label,70.0,2.0,2.0,1.0,16.0,17.0,10.0,8.0,5.5,6.0,5.75,6.916666666666667
57,P22,SR,32.5,16.0,17.0,10.0,9.0,18.0,17.0,14.5,2.5,2.8333333333333335,2.6666666666666665,3.6666666666666665
58,P22,P+SR,40.0,9.0,15.0,6.0,14.0,16.0,14.0,12.333333333333334,3.3333333333333335,3.6666666666666665,3.5,4.083333333333333
59,P22,Pointing,65.0,3.0,14.0,10.0,18.0,11.0,10.0,11.0,5.166666666666667,4.0,4.583333333333333,5.166666666666667
60,P22,Label,32.5,15.0,14.0,11.0,14.0,16.0,16.0,14.333333333333334,2.0,3.5,2.75,4.666666666666667
61,P23,SR,42.5,15.0,15.0,12.0,12.0,17.0,15.0,14.333333333333334,3.3333333333333335,3.1666666666666665,3.25,3.0833333333333335
62,P23,P+SR,77.5,5.0,5.0,5.0,5.0,5.0,5.0,5.0,6.0,6.0,6.0,6.0
63,P23,Pointing,85.0,3.0,3.0,3.0,20.0,5.0,3.0,6.166666666666667,7.0,6.0,6.5,5.916666666666667
64,P23,Label,40.0,15.0,10.0,5.0,10.0,12.0,12.0,10.666666666666666,3.0,4.833333333333333,3.9166666666666665,3.0833333333333335
65,P24,SR,60.0,6.0,10.0,8.0,4.0,16.0,7.0,8.5,5.0,4.666666666666667,4.833333333333333,6.0
66,P24,P+SR,72.5,7.0,5.0,12.0,14.0,10.0,6.0,9.0,5.666666666666667,6.333333333333333,6.0,4.916666666666667
67,P24,Pointing,57.5,11.0,10.0,7.0,10.0,14.0,11.0,10.5,6.0,6.166666666666667,6.083333333333333,6.25
68,P24,Label,42.5,10.0,17.0,6.0,6.0,11.0,8.0,9.666666666666666,4.333333333333333,5.833333333333333,5.083333333333333,5.166666666666667
69,P3,SR,55.0,14.0,13.0,4.0,9.0,16.0,6.0,10.333333333333334,4.333333333333333,5.0,4.666666666666667,3.6666666666666665
70,P3,P+SR,72.5,3.0,3.0,1.0,20.0,5.0,2.0,5.666666666666667,5.833333333333333,4.666666666666667,5.25,5.666666666666667
71,P3,Pointing,87.5,3.0,3.0,1.0,20.0,6.0,3.0,6.0,6.0,4.5,5.25,6.0
72,P3,Label,72.5,6.0,4.0,2.0,18.0,12.0,4.0,7.666666666666667,5.333333333333333,6.166666666666667,5.75,5.25
73,P4,SR,62.5,10.0,9.0,5.0,18.0,8.0,12.0,10.333333333333334,3.6666666666666665,4.833333333333333,4.25,3.0833333333333335
74,P4,P+SR,97.5,4.0,5.0,4.0,19.0,5.0,4.0,6.833333333333333,6.5,6.666666666666667,6.583333333333333,6.083333333333333
75,P4,Pointing,87.5,3.0,3.0,3.0,20.0,3.0,3.0,5.833333333333333,6.666666666666667,4.333333333333333,5.5,7.0
76,P4,Label,30.0,17.0,13.0,7.0,17.0,19.0,17.0,15.0,2.3333333333333335,2.3333333333333335,2.3333333333333335,4.833333333333333
77,P5,SR,52.5,5.0,2.0,1.0,15.0,16.0,8.0,7.833333333333333,5.166666666666667,5.0,5.083333333333333,6.166666666666667
78,P5,P+SR,87.5,1.0,3.0,1.0,17.0,6.0,2.0,5.0,7.0,6.666666666666667,6.833333333333333,6.916666666666667
79,P5,Pointing,77.5,11.0,5.0,14.0,20.0,13.0,11.0,12.333333333333334,6.5,3.5,5.0,7.0
80,P5,Label,30.0,14.0,7.0,5.0,15.0,21.0,6.0,11.333333333333334,2.1666666666666665,4.333333333333333,3.25,5.583333333333333
81,P6,SR,52.5,17.0,19.0,5.0,13.0,19.0,14.0,14.5,4.333333333333333,4.166666666666667,4.25,4.75
82,P6,P+SR,80.0,5.0,4.0,3.0,19.0,8.0,5.0,7.333333333333333,5.833333333333333,5.5,5.666666666666667,6.083333333333333
83,P6,Pointing,95.0,7.0,6.0,3.0,20.0,3.0,9.0,8.0,5.833333333333333,6.0,5.916666666666667,6.666666666666667
84,P6,Label,72.5,13.0,3.0,2.0,16.0,11.0,10.0,9.166666666666666,5.166666666666667,6.0,5.583333333333333,5.833333333333333
85,P7,SR,45.0,16.0,17.0,7.0,8.0,6.0,16.0,11.666666666666666,3.5,4.5,4.0,2.8333333333333335
86,P7,P+SR,75.0,3.0,3.0,1.0,20.0,10.0,3.0,6.666666666666667,6.166666666666667,7.0,6.583333333333333,6.25
87,P7,Pointing,82.5,3.0,8.0,4.0,19.0,3.0,2.0,6.5,6.5,6.0,6.25,6.583333333333333
88,P7,Label,35.0,15.0,3.0,15.0,5.0,20.0,13.0,11.833333333333334,3.6666666666666665,2.6666666666666665,3.1666666666666665,2.5833333333333335
89,P8,SR,65.0,9.0,9.0,1.0,15.0,13.0,9.0,9.333333333333334,5.0,5.0,5.0,5.416666666666667
90,P8,P+SR,77.5,6.0,7.0,1.0,19.0,5.0,4.0,7.0,5.833333333333333,5.166666666666667,5.5,5.833333333333333
91,P8,Pointing,70.0,7.0,7.0,3.0,19.0,6.0,7.0,8.166666666666666,5.5,5.0,5.25,5.916666666666667
92,P8,Label,75.0,6.0,5.0,1.0,19.0,4.0,6.0,6.833333333333333,4.5,5.333333333333333,4.916666666666667,5.5
93,P9,SR,52.5,15.0,10.0,5.0,10.0,15.0,12.0,11.166666666666666,3.8333333333333335,3.1666666666666665,3.5,5.25
94,P9,P+SR,90.0,5.0,13.0,5.0,20.0,10.0,5.0,9.666666666666666,6.5,6.166666666666667,6.333333333333333,6.416666666666667
95,P9,Pointing,90.0,8.0,12.0,5.0,20.0,8.0,5.0,9.666666666666666,5.833333333333333,6.0,5.916666666666667,6.583333333333333
96,P9,Label,40.0,15.0,10.0,5.0,10.0,15.0,12.0,11.166666666666666,3.1666666666666665,3.0,3.0833333333333335,4.333333333333333
